Date;Description;Compte;Montant;Catégorie;Sous-Catégorie;Note;Pointée
"16/07/2023";"Intermarche";"Solde Lydia";"-22.52";"Alimentation & Restau.";"Supermarché / Epicerie";"";"Non"
"01/07/2023";"Gaag Fr";"Solde Lydia";"-9.99";"Loisirs & Sorties";"Divertissements";"";"Non"
"24/06/2023";"Lucas Klethi Franprix";"Solde Lydia";"10.0";"Entrées d'argent";"Autres rentrées";"";"Non"
"17/06/2023";"Midjourney Inc.";"Solde Lydia";"-10.99";"Dépenses pro";"Services en ligne";"";"Non"
"10/06/2023";"Tinder";"Solde Lydia";"-23.24";"Loisirs & Sorties";"Divertissements";"";"Non"
"09/06/2023";"Adrien Saux Netflix Mois Decembre)";"Solde Lydia";"27.0";"Entrées d'argent";"Autres rentrées";"";"Non"
"07/06/2023";"Lola Teynier";"Solde Lydia";"15.0";"Entrées d'argent";"Autres rentrées";"";"Non"
"25/05/2023";"Claire Payre Train";"Solde Lydia";"143.0";"Entrées d'argent";"Autres rentrées";"";"Non"
"24/05/2023";"Linas Interieur";"Solde Lydia";"-8.5";"Alimentation & Restau.";"Restaurants";"";"Non"
"16/05/2023";"Adrien Saux Soupe Au Got Amer.";"Solde Lydia";"19.76";"Entrées d'argent";"Autres rentrées";"";"Non"
"16/05/2023";"Chloe Rouneau Courses Soire";"Solde Lydia";"-10.0";"Loisirs & Sorties";"Loisirs & Sorties - Autres";"";"Non"
"14/05/2023";"Theo Peltier Taxi Pour Fuir La Folle";"Solde Lydia";"-4.0";"Auto & Transports";"Auto & Transports - Autres";"";"Non"
"13/05/2023";"Theo Peltier Orangina Dans Le Bar De La Pluie";"Solde Lydia";"4.0";"Entrées d'argent";"Autres rentrées";"";"Non"
"13/05/2023";"Chloe Rouneau Citronnade De Luxe";"Solde Lydia";"8.5";"Entrées d'argent";"Autres rentrées";"";"Non"
"13/05/2023";"Solde Lydia Erwan De Thy";"Solde Lydia";"8.0";"Entrées d'argent";"Autres rentrées";"";"Non"
"14/04/2023";"Remboursement Carte De La Part De Dnh*godaddy.com Europe. Montant Crdit Sur Compte Lydia.";"Solde Lydia";"0.79";"Entrées d'argent";"Remboursements";"";"Non"
"12/04/2023";"Bar Cygale";"Solde Lydia";"-22.5";"Loisirs & Sorties";"Bars / Clubs";"";"Non"
"09/04/2023";"Dnh*godaddy.com Europe";"Solde Lydia";"-0.79";"Dépenses pro";"Services en ligne";"";"Non"
"09/04/2023";"Intermarche";"Solde Lydia";"-10.07";"Alimentation & Restau.";"Supermarché / Epicerie";"";"Non"
"08/04/2023";"Intermarche";"Solde Lydia";"-18.62";"Alimentation & Restau.";"Supermarché / Epicerie";"";"Non"
"02/04/2023";"Theo Peltier Soda";"Solde Lydia";"-4.2";"Divers";"A catégoriser";"";"Non"
"29/03/2023";"Newrest";"Solde Lydia";"-5.9";"Alimentation & Restau.";"Restaurants";"";"Non"
"24/03/2023";"Newrest";"Solde Lydia";"-5.1";"Alimentation & Restau.";"Restaurants";"";"Non"
"23/03/2023";"Anytime Food";"Solde Lydia";"-8.0";"Alimentation & Restau.";"Fast foods";"";"Non"
"22/03/2023";"Bar Fondamental";"Solde Lydia";"-8.5";"Loisirs & Sorties";"Bars / Clubs";"";"Non"
"22/03/2023";"Bar Fondamental";"Solde Lydia";"-11.5";"Loisirs & Sorties";"Bars / Clubs";"";"Non"
"20/03/2023";"Bar Beer";"Solde Lydia";"-5.5";"Loisirs & Sorties";"Bars / Clubs";"";"Non"
"12/03/2023";"Sodiclichy";"Solde Lydia";"-8.5";"Alimentation & Restau.";"Supermarché / Epicerie";"";"Non"
"12/03/2023";"Yu Xingshao";"Solde Lydia";"-25.65";"Loisirs & Sorties";"Sortie au restaurant";"";"Non"
"11/03/2023";"Place Des Fetes";"Solde Lydia";"-29.9";"Loisirs & Sorties";"Bars / Clubs";"";"Non"
"10/03/2023";"Chloe Rouneau Corcooo";"Solde Lydia";"6.5";"Entrées d'argent";"Autres rentrées";"";"Non"
"09/03/2023";"Corcoran S";"Solde Lydia";"-35.6";"Loisirs & Sorties";"Bars / Clubs";"";"Non"
"09/03/2023";"Chloe Rouneau Corcooo";"Solde Lydia";"7.5";"Entrées d'argent";"Autres rentrées";"";"Non"
"07/03/2023";"Camille Mathorel Mme Sarfati";"Solde Lydia";"21.0";"Entrées d'argent";"Autres rentrées";"";"Non"
"16/02/2023";"Lucas Klethi Raclette Et Sexe";"Solde Lydia";"10.0";"Entrées d'argent";"Autres rentrées";"";"Non"
"14/02/2023";"Theo Peltier Pizza";"Solde Lydia";"5.0";"Entrées d'argent";"Autres rentrées";"";"Non"
"06/02/2023";"Lola Teynier";"Solde Lydia";"10.0";"Entrées d'argent";"Autres rentrées";"";"Non"
"04/02/2023";"Lucas Klethi Thtre";"Solde Lydia";"-15.0";"Loisirs & Sorties";"Sorties culturelles";"";"Non"
"04/02/2023";"Theo Peltier Bire Culte";"Solde Lydia";"-11.5";"Loisirs & Sorties";"Bars / Clubs";"";"Non"
"29/01/2023";"Anais Martinez Hello T'es Frache";"Solde Lydia";"-15.0";"Loisirs & Sorties";"Divertissements";"";"Non"
"27/01/2023";"Mathieu Dupuy Bire";"Solde Lydia";"2.95";"Entrées d'argent";"Autres rentrées";"";"Non"
"17/01/2023";"Google";"Solde Lydia";"-9.99";"Divers";"Autres dépenses";"";"Non"
"09/01/2023";"Mathieu Dupuy Ddommagement Blagues Paulo";"Solde Lydia";"6.0";"Entrées d'argent";"Autres rentrées";"";"Non"
"07/01/2023";"Helene Dalvit Netflix Et Spotify";"Solde Lydia";"86.0";"Entrées d'argent";"Autres rentrées";"";"Non"
"05/01/2023";"Ticketmaster";"Solde Lydia";"-3.45";"Achats & Shopping";"Cadeaux";"";"Non"
"03/01/2023";"Steven Jennet Taxi Ucpa";"Solde Lydia";"-12.35";"Auto & Transports";"Auto & Transports - Autres";"";"Non"
"24/07/2023";"Virement En Votre Faveur C E Murex Rbt Abo Sport Et Cultu Rbt Abo Sport Et Culture Rbt Abo Sport Et Culture";"Compte De Dépôt M. Bourhis Paul";"200.0";"Entrées d'argent";"Autres rentrées";"";"Non"
"21/07/2023";"Virement En Votre Faveur Pacifica Credit Agricole Assurance Habitation Echeance Cotisation Du Contrat Pacifica";"Compte De Dépôt M. Bourhis Paul";"6.7";"Entrées d'argent";"Autres rentrées";"";"Non"
"19/07/2023";"Prlv Paypal Europe S.a.r.l. Et Cie S. Paypal";"Compte De Dépôt M. Bourhis Paul";"-19.12";"Achats & Shopping";"Vêtements/Chaussures";"";"Non"
"14/07/2023";"Prlv Offre Globe Trotter";"Compte De Dépôt M. Bourhis Paul";"-2.0";"Alimentation & Restau.";"Fast foods";"";"Non"
"13/07/2023";"Prlv Paypal Europe S.a.r.l. Et Cie S. Paypal";"Compte De Dépôt M. Bourhis Paul";"-15.99";"Achats & Shopping";"Vêtements/Chaussures";"";"Non"
"12/07/2023";"Prlv Syndiceo Prl. Syndic Syndiceo";"Compte De Dépôt M. Bourhis Paul";"-470.79";"Logement";"Charges diverses";"";"Non"
"11/07/2023";"Prlv Edf Clients Particuliers Numero De Client Numero De Compte Xxx Simm";"Compte De Dépôt M. Bourhis Paul";"-40.11";"Logement";"Electricité";"";"Non"
"10/07/2023";"CB Roadsurfer Gmbh Muen";"Compte De Dépôt M. Bourhis Paul";"-2790.0";"Loisirs & Sorties";"Voyages / Vacances";"";"Non"
"06/07/2023";"Virement En Votre Faveur M Bourhis Paul Virement Interne Depuis Boursorama Banque";"Compte De Dépôt M. Bourhis Paul";"3000.0";"Entrées d'argent";"Virements internes";"";"Non"
"06/07/2023";"Prlv Free Telecom Free Hautdebit Fhd";"Compte De Dépôt M. Bourhis Paul";"-34.99";"Abonnements";"Internet";"";"Non"
"05/07/2023";"Virement Emis Web Boursorama";"Compte De Dépôt M. Bourhis Paul";"-1500.0";"Retraits, Chq. et Vir.";"Virements internes";"";"Non"
"05/07/2023";"Prlv Free Mobile Fmpmt Fm";"Compte De Dépôt M. Bourhis Paul";"-15.99";"Abonnements";"Téléphonie mobile";"";"Non"
"05/07/2023";"Prlv Forever Assurance Emprunteur Forever";"Compte De Dépôt M. Bourhis Paul";"-17.66";"Divers";"Assurance";"";"Non"
"05/07/2023";"Prlv Fitness Clichy Sas F Magic Form Clichy Magicform Magicform";"Compte De Dépôt M. Bourhis Paul";"-29.9";"Loisirs & Sorties";"Sport";"";"Non"
"05/07/2023";"Remboursement De Pret Echeance";"Compte De Dépôt M. Bourhis Paul";"-974.63";"Banque";"Remboursement emprunt";"";"Non"
"04/07/2023";"Virement En Votre Faveur M. Pierrick Micouleau Perruche Parking Juillet";"Compte De Dépôt M. Bourhis Paul";"80.0";"Entrées d'argent";"Autres rentrées";"";"Non"
"04/07/2023";"Prlv Paypal Europe S.a.r.l. Et Cie S. Paypal";"Compte De Dépôt M. Bourhis Paul";"-6.77";"Achats & Shopping";"Vêtements/Chaussures";"";"Non"
"03/07/2023";"Prlv Credit Agricole De Paris Credit Agricole Assurance Habitation Echeance Cotisation Du Contrat Pacifica";"Compte De Dépôt M. Bourhis Paul";"-17.65";"Logement";"Assurance habitation";"";"Non"
"30/06/2023";"Virement En Votre Faveur Murex Bourhis Paul";"Compte De Dépôt M. Bourhis Paul";"2992.92";"Entrées d'argent";"Salaires";"";"Non"
"30/06/2023";"Prlv Paypal Europe S.a.r.l. Et Cie S. Paypal";"Compte De Dépôt M. Bourhis Paul";"-68.0";"Achats & Shopping";"Vêtements/Chaussures";"";"Non"
"14/06/2023";"Prlv Offre Globe Trotter";"Compte De Dépôt M. Bourhis Paul";"-2.0";"Alimentation & Restau.";"Fast foods";"";"Non"
"12/06/2023";"CB Selfassurance Clichy";"Compte De Dépôt M. Bourhis Paul";"-13.86";"Logement";"Assurance habitation";"";"Non"
"09/06/2023";"Interets Crediteurs Cl Paris Concorde";"Compte De Dépôt M. Bourhis Paul";"0.7";"Entrées d'argent";"Intérêts";"";"Non"
"08/06/2023";"Prlv Free Mobile Fmpmt Fm";"Compte De Dépôt M. Bourhis Paul";"-15.99";"Abonnements";"Téléphonie mobile";"";"Non"
"08/06/2023";"Virement En Votre Faveur Vir Inst De M. Pierrick Micoulea";"Compte De Dépôt M. Bourhis Paul";"80.0";"Entrées d'argent";"Autres rentrées";"";"Non"
"07/06/2023";"Prlv Forever Assurance Emprunteur Forever";"Compte De Dépôt M. Bourhis Paul";"-17.66";"Divers";"Assurance";"";"Non"
"06/06/2023";"Prlv Fitness Clichy Sas F Magic Form Clichy Magicform Magicform";"Compte De Dépôt M. Bourhis Paul";"-29.9";"Loisirs & Sorties";"Sport";"";"Non"
"06/06/2023";"Prlv Free Telecom Free Hautdebit Fhd";"Compte De Dépôt M. Bourhis Paul";"-34.99";"Abonnements";"Internet";"";"Non"
"05/06/2023";"Retrait Au Distributeur Vannes";"Compte De Dépôt M. Bourhis Paul";"-500.0";"Retraits, Chq. et Vir.";"Retraits";"";"Non"
"05/06/2023";"Remboursement De Pret Echeance";"Compte De Dépôt M. Bourhis Paul";"-974.63";"Banque";"Remboursement emprunt";"";"Non"
"02/06/2023";"Prlv Paypal Europe S.a.r.l. Et Cie S. Paypal";"Compte De Dépôt M. Bourhis Paul";"-7.8";"Achats & Shopping";"Vêtements/Chaussures";"";"Non"
"01/06/2023";"Prlv Credit Agricole De Paris Credit Agricole Assurance Habitation Echeance Cotisation Du Contrat Pacifica";"Compte De Dépôt M. Bourhis Paul";"-16.5";"Logement";"Assurance habitation";"";"Non"
"31/05/2023";"Prlv Paypal Europe S.a.r.l. Et Cie S. Paypal";"Compte De Dépôt M. Bourhis Paul";"-68.0";"Achats & Shopping";"Vêtements/Chaussures";"";"Non"
"30/05/2023";"Virement En Votre Faveur Murex Bourhis Paul";"Compte De Dépôt M. Bourhis Paul";"2738.4";"Entrées d'argent";"Salaires";"";"Non"
"30/05/2023";"Virement Emis Web Boursorama";"Compte De Dépôt M. Bourhis Paul";"-2000.0";"Retraits, Chq. et Vir.";"Virements internes";"";"Non"
"15/05/2023";"Prlv Paypal Europe S.a.r.l. Et Cie S. Paypal";"Compte De Dépôt M. Bourhis Paul";"-3.92";"Achats & Shopping";"Vêtements/Chaussures";"";"Non"
"14/05/2023";"Prlv Offre Globe Trotter";"Compte De Dépôt M. Bourhis Paul";"-2.0";"Alimentation & Restau.";"Fast foods";"";"Non"
"12/05/2023";"Prlv Edf Clients Particuliers Numero De Client Numero De Compte Xxx Simm";"Compte De Dépôt M. Bourhis Paul";"-40.73";"Logement";"Electricité";"";"Non"
"11/05/2023";"Prlv Paypal Europe S.a.r.l. Et Cie S. Paypal";"Compte De Dépôt M. Bourhis Paul";"-31.73";"Achats & Shopping";"Vêtements/Chaussures";"";"Non"
"10/05/2023";"Prlv Fitness Clichy Sas F Magic Form Clichy Magicform Magicform";"Compte De Dépôt M. Bourhis Paul";"-29.9";"Loisirs & Sorties";"Sport";"";"Non"
"09/05/2023";"Prlv Free Mobile Fmpmt Fm";"Compte De Dépôt M. Bourhis Paul";"-15.99";"Abonnements";"Téléphonie mobile";"";"Non"
"05/05/2023";"Remboursement De Pret Echeance";"Compte De Dépôt M. Bourhis Paul";"-974.63";"Banque";"Remboursement emprunt";"";"Non"
"05/05/2023";"Prlv Forever Assurance Emprunteur Forever";"Compte De Dépôt M. Bourhis Paul";"-17.66";"Divers";"Assurance";"";"Non"
"05/05/2023";"Prlv Free Telecom Free Hautdebit Fhd";"Compte De Dépôt M. Bourhis Paul";"-34.99";"Abonnements";"Internet";"";"Non"
"05/05/2023";"Prlv Paypal Europe S.a.r.l. Et Cie S. Paypal";"Compte De Dépôt M. Bourhis Paul";"-74.74";"Achats & Shopping";"Vêtements/Chaussures";"";"Non"
"03/05/2023";"Virement En Votre Faveur M. Pierrick Micouleau Perruche P Parking Mai Pierrick Parking Mai Pierrick";"Compte De Dépôt M. Bourhis Paul";"80.0";"Entrées d'argent";"Autres rentrées";"";"Non"
"03/05/2023";"Prlv Paypal Europe S.a.r.l. Et Cie S. Paypal";"Compte De Dépôt M. Bourhis Paul";"-4.99";"Achats & Shopping";"Vêtements/Chaussures";"";"Non"
"03/05/2023";"Prlv Paypal Europe S.a.r.l. Et Cie S. Paypal";"Compte De Dépôt M. Bourhis Paul";"-5.99";"Achats & Shopping";"Vêtements/Chaussures";"";"Non"
"03/05/2023";"Prlv Paypal Europe S.a.r.l. Et Cie S. Paypal";"Compte De Dépôt M. Bourhis Paul";"-68.0";"Achats & Shopping";"Vêtements/Chaussures";"";"Non"
"02/05/2023";"Prlv Credit Agricole De Paris Credit Agricole Assurance Habitation Echeance Cotisation Du Contrat Pacifica";"Compte De Dépôt M. Bourhis Paul";"-16.5";"Logement";"Assurance habitation";"";"Non"
"27/04/2023";"Virement En Votre Faveur Murex Bourhis Paul";"Compte De Dépôt M. Bourhis Paul";"2730.56";"Entrées d'argent";"Salaires";"";"Non"
"14/04/2023";"Prlv Formule Globe Trotter";"Compte De Dépôt M. Bourhis Paul";"-2.0";"Banque";"Frais bancaires";"";"Non"
"14/04/2023";"Virement En Votre Faveur Mle Payre Claire Vir De Mle Payre Claire";"Compte De Dépôt M. Bourhis Paul";"216.0";"Entrées d'argent";"Autres rentrées";"";"Non"
"13/04/2023";"Prlv Paypal Europe S.a.r.l. Et Cie S. Paypal";"Compte De Dépôt M. Bourhis Paul";"-15.99";"Achats & Shopping";"Vêtements/Chaussures";"";"Non"
"13/04/2023";"Prlv Paypal Europe S.a.r.l. Et Cie S. Paypal";"Compte De Dépôt M. Bourhis Paul";"-31.72";"Achats & Shopping";"Vêtements/Chaussures";"";"Non"
"12/04/2023";"Prlv Fitness Clichy Sas F Magic Form Clichy Magicform Magicform";"Compte De Dépôt M. Bourhis Paul";"-29.9";"Loisirs & Sorties";"Sport";"";"Non"
"12/04/2023";"Prlv Paypal Europe S.a.r.l. Et Cie S. Paypal";"Compte De Dépôt M. Bourhis Paul";"-89.99";"Achats & Shopping";"Vêtements/Chaussures";"";"Non"
"12/04/2023";"Prlv Syndiceo Prl. Syndic Syndiceo";"Compte De Dépôt M. Bourhis Paul";"-420.96";"Logement";"Charges diverses";"";"Non"
"12/04/2023";"Prlv Paypal Europe S.a.r.l. Et Cie S. Paypal";"Compte De Dépôt M. Bourhis Paul";"-508.69";"Achats & Shopping";"Vêtements/Chaussures";"";"Non"
"11/04/2023";"CB Italia Bella Clichy";"Compte De Dépôt M. Bourhis Paul";"-6.69";"Loisirs & Sorties";"Loisirs & Sorties - Autres";"";"Non"
"11/04/2023";"Prlv Paypal Europe S.a.r.l. Et Cie S. Paypal";"Compte De Dépôt M. Bourhis Paul";"-74.73";"Achats & Shopping";"Vêtements/Chaussures";"";"Non"
"08/04/2023";"Virement Emis Web Boursorama";"Compte De Dépôt M. Bourhis Paul";"-1000.0";"Retraits, Chq. et Vir.";"Virements internes";"";"Non"
"06/04/2023";"CB Inter Pakama Clic";"Compte De Dépôt M. Bourhis Paul";"-20.42";"Alimentation & Restau.";"Alimentation - Autres";"";"Non"
"06/04/2023";"Virement Emis Web Boursorama";"Compte De Dépôt M. Bourhis Paul";"-3000.0";"Retraits, Chq. et Vir.";"Virements internes";"";"Non"
"06/04/2023";"Prlv Free Telecom Free Hautdebit Fhd";"Compte De Dépôt M. Bourhis Paul";"-34.99";"Abonnements";"Internet";"";"Non"
"05/04/2023";"Prlv Free Mobile Fmpmt Fm";"Compte De Dépôt M. Bourhis Paul";"-15.99";"Abonnements";"Téléphonie mobile";"";"Non"
"05/04/2023";"Remboursement De Pret Echeance";"Compte De Dépôt M. Bourhis Paul";"-974.63";"Banque";"Remboursement emprunt";"";"Non"
"05/04/2023";"Prlv Forever Assurance Emprunteur Forever";"Compte De Dépôt M. Bourhis Paul";"-17.66";"Divers";"Assurance";"";"Non"
"04/04/2023";"Retrait Au Distributeur Clichy";"Compte De Dépôt M. Bourhis Paul";"-80.0";"Retraits, Chq. et Vir.";"Retraits";"";"Non"
"04/04/2023";"Virement En Votre Faveur M. Pierrick Micouleau Perruche P Parking Avril Parking Avril";"Compte De Dépôt M. Bourhis Paul";"80.0";"Entrées d'argent";"Autres rentrées";"";"Non"
"04/04/2023";"Prlv Paypal Europe S.a.r.l. Et Cie S. Paypal";"Compte De Dépôt M. Bourhis Paul";"-17.99";"Achats & Shopping";"Vêtements/Chaussures";"";"Non"
"03/04/2023";"Virement En Votre Faveur M. Klein Christopher Spotify M. Klein Christopher Spotify";"Compte De Dépôt M. Bourhis Paul";"6.0";"Entrées d'argent";"Autres rentrées";"";"Non"
"03/04/2023";"Prlv Credit Agricole De Paris Credit Agricole Assurance Habitation Echeance Cotisation Du Contrat Pacifica";"Compte De Dépôt M. Bourhis Paul";"-16.5";"Logement";"Assurance habitation";"";"Non"
"30/03/2023";"Virement En Votre Faveur Murex Bourhis Paul";"Compte De Dépôt M. Bourhis Paul";"2714.88";"Entrées d'argent";"Salaires";"";"Non"
"14/03/2023";"Prlv Paypal Europe S.a.r.l. Et Cie S. Paypal";"Compte De Dépôt M. Bourhis Paul";"-15.99";"Achats & Shopping";"Vêtements/Chaussures";"";"Non"
"14/03/2023";"Prlv Paypal Europe S.a.r.l. Et Cie S. Paypal";"Compte De Dépôt M. Bourhis Paul";"-31.72";"Achats & Shopping";"Vêtements/Chaussures";"";"Non"
"14/03/2023";"Prlv Formule Globe Trotter";"Compte De Dépôt M. Bourhis Paul";"-2.0";"Banque";"Frais bancaires";"";"Non"
"13/03/2023";"Prlv Edf Clients Particuliers Numero De Client Numero De Compte Xxx Simm";"Compte De Dépôt M. Bourhis Paul";"-39.85";"Logement";"Electricité";"";"Non"
"09/03/2023";"Prlv Fitness Clichy Sas F Magic Form Clichy Magicform Magicform";"Compte De Dépôt M. Bourhis Paul";"-29.9";"Loisirs & Sorties";"Sport";"";"Non"
"08/03/2023";"Prlv Paypal Europe S.a.r.l. Et Cie S. Paypal";"Compte De Dépôt M. Bourhis Paul";"-74.73";"Achats & Shopping";"Vêtements/Chaussures";"";"Non"
"07/03/2023";"CB Ticketmaster Nanterr";"Compte De Dépôt M. Bourhis Paul";"-164.45";"Loisirs & Sorties";"Sorties culturelles";"";"Non"
"07/03/2023";"Prlv Free Mobile Fmpmt Fm";"Compte De Dépôt M. Bourhis Paul";"-15.99";"Abonnements";"Téléphonie mobile";"";"Non"
"06/03/2023";"Virement Emis Web Scp Krief Affaire Bourhis Paul Alain V";"Compte De Dépôt M. Bourhis Paul";"-110.63";"Dépenses pro";"Frais juridique";"";"Non"
"06/03/2023";"Prlv Forever Assurance Emprunteur Forever";"Compte De Dépôt M. Bourhis Paul";"-17.66";"Divers";"Assurance";"";"Non"
"06/03/2023";"Prlv Free Telecom Free Hautdebit Fhd";"Compte De Dépôt M. Bourhis Paul";"-34.99";"Abonnements";"Internet";"";"Non"
"05/03/2023";"Remboursement De Pret Echeance";"Compte De Dépôt M. Bourhis Paul";"-974.63";"Banque";"Remboursement emprunt";"";"Non"
"03/03/2023";"Virement En Votre Faveur Dagnicourt D. Ou Dagnicourt M. V Virement De Dagnicourt D. Ou Dagnicourt M. Virement Vers Paul";"Compte De Dépôt M. Bourhis Paul";"7.75";"Entrées d'argent";"Remboursements";"";"Non"
"02/03/2023";"Prlv Paypal Europe S.a.r.l. Et Cie S. Paypal";"Compte De Dépôt M. Bourhis Paul";"-17.99";"Achats & Shopping";"Films & DVDs";"";"Non"
"01/03/2023";"Virement En Votre Faveur M. Klein Christopher Spotify M. Klein Christopher Spotify";"Compte De Dépôt M. Bourhis Paul";"6.0";"Entrées d'argent";"Autres rentrées";"";"Non"
"01/03/2023";"Prlv Credit Agricole De Paris Credit Agricole Assurance Habitation Echeance Cotisation Du Contrat Pacifica";"Compte De Dépôt M. Bourhis Paul";"-16.5";"Logement";"Assurance habitation";"";"Non"
"01/03/2023";"Virement En Votre Faveur M. Pierrick Micouleau Perruche L Loyer Parking Mars Loyer Parking Mars";"Compte De Dépôt M. Bourhis Paul";"80.0";"Entrées d'argent";"Autres rentrées";"";"Non"
"28/02/2023";"Virement Emis Web Boursorama";"Compte De Dépôt M. Bourhis Paul";"-3000.0";"Retraits, Chq. et Vir.";"Virements internes";"";"Non"
"27/02/2023";"Prlv Bitpanda Gmbh Thanks For Investing With a Bitpanda Savings Plan. Savings Savings Ddm";"Compte De Dépôt M. Bourhis Paul";"-75.0";"Banque";"Epargne";"";"Non"
"27/02/2023";"Virement En Votre Faveur Murex Bourhis Paul";"Compte De Dépôt M. Bourhis Paul";"2726.64";"Entrées d'argent";"Salaires";"";"Non"
"20/02/2023";"Virement En Votre Faveur Murex";"Compte De Dépôt M. Bourhis Paul";"198.0";"Entrées d'argent";"Autres rentrées";"";"Non"
"14/02/2023";"Prlv Formule Globe Trotter";"Compte De Dépôt M. Bourhis Paul";"-2.0";"Banque";"Frais bancaires";"";"Non"
"14/02/2023";"Prlv Paypal Europe S.a.r.l. Et Cie S. Paypal";"Compte De Dépôt M. Bourhis Paul";"-15.99";"Achats & Shopping";"Films & DVDs";"";"Non"
"14/02/2023";"Prlv Paypal Europe S.a.r.l. Et Cie S. Paypal";"Compte De Dépôt M. Bourhis Paul";"-31.73";"Achats & Shopping";"Achats & Shopping - Autres";"";"Non"
"13/02/2023";"Virement En Votre Faveur M Jules Dalvit Vir De M Jules Dalvit";"Compte De Dépôt M. Bourhis Paul";"86.0";"Entrées d'argent";"Autres rentrées";"";"Non"
"09/02/2023";"Prlv Paypal Europe S.a.r.l. Et Cie S. Paypal";"Compte De Dépôt M. Bourhis Paul";"-33.98";"Achats & Shopping";"Achats & Shopping - Autres";"";"Non"
"08/02/2023";"Prlv Fitness Clichy Sas F Magic Form Clichy Magicform Magicform";"Compte De Dépôt M. Bourhis Paul";"-29.9";"Loisirs & Sorties";"Sport";"";"Non"
"07/02/2023";"Prlv Paypal Europe S.a.r.l. Et Cie S. Paypal";"Compte De Dépôt M. Bourhis Paul";"-74.74";"Achats & Shopping";"Vêtements/Chaussures";"";"Non"
"06/02/2023";"Prlv Free Mobile Fmpmt Fm";"Compte De Dépôt M. Bourhis Paul";"-15.99";"Abonnements";"Téléphonie mobile";"";"Non"
"06/02/2023";"Prlv Forever Assurance Emprunteur Forever";"Compte De Dépôt M. Bourhis Paul";"-17.66";"Divers";"Assurance";"";"Non"
"06/02/2023";"Prlv Free Telecom Free Hautdebit Fhd";"Compte De Dépôt M. Bourhis Paul";"-34.99";"Abonnements";"Internet";"";"Non"
"05/02/2023";"Remboursement De Pret Echeance";"Compte De Dépôt M. Bourhis Paul";"-974.63";"Banque";"Remboursement emprunt";"";"Non"
"04/02/2023";"Virement Emis Web Boursorama";"Compte De Dépôt M. Bourhis Paul";"-3000.0";"Retraits, Chq. et Vir.";"Virements internes";"";"Non"
"03/02/2023";"Virement En Votre Faveur Dagnicourt D. Ou Dagnicourt M. V Virement De Dagnicourt D. Ou Dagnicourt M. Virement Vers Paul";"Compte De Dépôt M. Bourhis Paul";"7.75";"Entrées d'argent";"Remboursements";"";"Non"
"02/02/2023";"Prlv Paypal Europe S.a.r.l. Et Cie S. Paypal";"Compte De Dépôt M. Bourhis Paul";"-17.99";"Achats & Shopping";"Achats & Shopping - Autres";"";"Non"
"01/02/2023";"Virement En Votre Faveur M. Klein Christopher Spotify M. Klein Christopher Spotify";"Compte De Dépôt M. Bourhis Paul";"6.0";"Entrées d'argent";"Autres rentrées";"";"Non"
"01/02/2023";"Prlv Credit Agricole De Paris Credit Agricole Assurance Habitation Echeance Cotisation Du Contrat Pacifica";"Compte De Dépôt M. Bourhis Paul";"-16.5";"Logement";"Assurance habitation";"";"Non"
"01/02/2023";"Prlv Paypal Europe S.a.r.l. Et Cie S. Paypal";"Compte De Dépôt M. Bourhis Paul";"-13.3";"Achats & Shopping";"Achats & Shopping - Autres";"";"Non"
"30/01/2023";"Virement En Votre Faveur Murex Bourhis Paul";"Compte De Dépôt M. Bourhis Paul";"2724.48";"Entrées d'argent";"Salaires";"";"Non"
"30/01/2023";"Prlv Bitpanda Gmbh Thanks For Investing With a Bitpanda Savings Plan. Savings Savings Ddm";"Compte De Dépôt M. Bourhis Paul";"-75.0";"Banque";"Epargne";"";"Non"
"28/01/2023";"Virement En Votre Faveur Vir Inst De M. Pierrick Micoulea Parking Parking";"Compte De Dépôt M. Bourhis Paul";"88.0";"Entrées d'argent";"Autres rentrées";"";"Non"
"14/01/2023";"Prlv Formule Globe Trotter";"Compte De Dépôt M. Bourhis Paul";"-2.0";"Banque";"Frais bancaires";"";"Non"
"13/01/2023";"Prlv Paypal Europe S.a.r.l. Et Cie S. Paypal";"Compte De Dépôt M. Bourhis Paul";"-15.99";"Achats & Shopping";"Achats & Shopping - Autres";"";"Non"
"11/01/2023";"Prlv Paypal Europe S.a.r.l. Et Cie S. Paypal";"Compte De Dépôt M. Bourhis Paul";"-33.99";"Achats & Shopping";"Achats & Shopping - Autres";"";"Non"
"11/01/2023";"Prlv Edf Clients Particuliers Numero De Client Numero De Compte Xxx Simm";"Compte De Dépôt M. Bourhis Paul";"-36.96";"Logement";"Electricité";"";"Non"
"11/01/2023";"Prlv Syndiceo Prl. Syndic Syndiceo";"Compte De Dépôt M. Bourhis Paul";"-376.98";"Logement";"Charges diverses";"";"Non"
"10/01/2023";"Prlv Forever Assurance Emprunteur Forever";"Compte De Dépôt M. Bourhis Paul";"-17.66";"Divers";"Assurance";"";"Non"
"10/01/2023";"Prlv Fitness Clichy Sas F Magic Form Clichy Magicform Magicform";"Compte De Dépôt M. Bourhis Paul";"-29.9";"Loisirs & Sorties";"Sport";"";"Non"
"07/01/2023";"Virement Emis Web Mathieu Odile Dette Dette";"Compte De Dépôt M. Bourhis Paul";"-1000.0";"Banque";"Remboursement emprunt";"";"Non"
"05/01/2023";"Remboursement De Pret Echeance";"Compte De Dépôt M. Bourhis Paul";"-974.63";"Banque";"Remboursement emprunt";"";"Non"
"05/01/2023";"Prlv Free Telecom Free Hautdebit Fhd";"Compte De Dépôt M. Bourhis Paul";"-34.99";"Abonnements";"Internet";"";"Non"
"04/01/2023";"Virement En Votre Faveur Bnp Paribas Virt Participation O";"Compte De Dépôt M. Bourhis Paul";"2410.31";"Entrées d'argent";"Salaires";"";"Non"
"04/01/2023";"Prlv Free Mobile Fmpmt Fm";"Compte De Dépôt M. Bourhis Paul";"-15.99";"Abonnements";"Téléphonie mobile";"";"Non"
"03/01/2023";"Virement En Votre Faveur Dagnicourt D. Ou Dagnicourt M. V Virement De Dagnicourt D. Ou Dagnicourt M. Virement Vers Paul";"Compte De Dépôt M. Bourhis Paul";"7.75";"Entrées d'argent";"Remboursements";"";"Non"
"02/01/2023";"Prlv Credit Agricole De Paris Credit Agricole Assurance Habitation Echeance Cotisation Du Contrat Pacifica";"Compte De Dépôt M. Bourhis Paul";"-16.5";"Logement";"Assurance habitation";"";"Non"
"02/01/2023";"Virement En Votre Faveur M. Klein Christopher Spotify M. Klein Christopher Spotify";"Compte De Dépôt M. Bourhis Paul";"6.0";"Entrées d'argent";"Autres rentrées";"";"Non"
"19/07/2023";"CB Hall Beer Brewer";"Carte Visa Ultim - Mr Paul Bourhis";"-15.5";"Loisirs & Sorties";"Bars / Clubs";"";"Non"
"17/07/2023";"CB Deliveroo";"Carte Visa Ultim - Mr Paul Bourhis";"-19.44";"Alimentation & Restau.";"Fast foods";"";"Non"
"17/07/2023";"CB Franprix";"Carte Visa Ultim - Mr Paul Bourhis";"-5.45";"Alimentation & Restau.";"Supermarché / Epicerie";"";"Non"
"17/07/2023";"Carte";"Carte Visa Ultim - Mr Paul Bourhis";"-24.3";"Alimentation & Restau.";"Fast foods";"";"Non"
"17/07/2023";"CB Inter Pakama";"Carte Visa Ultim - Mr Paul Bourhis";"-9.03";"Alimentation & Restau.";"Supermarché / Epicerie";"";"Non"
"17/07/2023";"CB Sc Bar Cygale";"Carte Visa Ultim - Mr Paul Bourhis";"-15.0";"Loisirs & Sorties";"Bars / Clubs";"";"Non"
"17/07/2023";"CB Deliveroo";"Carte Visa Ultim - Mr Paul Bourhis";"-16.66";"Alimentation & Restau.";"Fast foods";"";"Non"
"13/07/2023";"CB Inter Pakama";"Carte Visa Ultim - Mr Paul Bourhis";"-7.99";"Alimentation & Restau.";"Supermarché / Epicerie";"";"Non"
"13/07/2023";"CB Edreams";"Carte Visa Ultim - Mr Paul Bourhis";"-119.67";"Loisirs & Sorties";"Voyages / Vacances";"";"Non"
"12/07/2023";"CB Microsoft";"Carte Visa Ultim - Mr Paul Bourhis";"-0.53";"Abonnements";"Abonnements - Autres";"";"Non"
"12/07/2023";"CB Le Voltigeur";"Carte Visa Ultim - Mr Paul Bourhis";"-23.55";"Divers";"Tabac";"";"Non"
"12/07/2023";"CB Monoprix";"Carte Visa Ultim - Mr Paul Bourhis";"-2.98";"Alimentation & Restau.";"Supermarché / Epicerie";"";"Non"
"11/07/2023";"CB Les Maillets";"Carte Visa Ultim - Mr Paul Bourhis";"-15.0";"Loisirs & Sorties";"Bars / Clubs";"";"Non"
"10/07/2023";"CB Sc Bar Cygale";"Carte Visa Ultim - Mr Paul Bourhis";"-7.5";"Loisirs & Sorties";"Bars / Clubs";"";"Non"
"10/07/2023";"CB Sc Bar Cygale";"Carte Visa Ultim - Mr Paul Bourhis";"-7.5";"Loisirs & Sorties";"Bars / Clubs";"";"Non"
"10/07/2023";"CB Sncf Internet";"Carte Visa Ultim - Mr Paul Bourhis";"-75.0";"Auto & Transports";"Billets de train";"";"Non"
"10/07/2023";"CB Jd So Ouest";"Carte Visa Ultim - Mr Paul Bourhis";"-110.0";"Achats & Shopping";"Cadeaux";"";"Non"
"10/07/2023";"Carte";"Carte Visa Ultim - Mr Paul Bourhis";"-28.17";"Esthétique & Soins";"Esthétique";"";"Non"
"10/07/2023";"CB Yummy Asian";"Carte Visa Ultim - Mr Paul Bourhis";"-38.9";"Alimentation & Restau.";"Fast foods";"";"Non"
"10/07/2023";"CB Zara";"Carte Visa Ultim - Mr Paul Bourhis";"-19.9";"Achats & Shopping";"Vêtements/Chaussures";"";"Non"
"10/07/2023";"CB Inter Pakama";"Carte Visa Ultim - Mr Paul Bourhis";"-20.83";"Alimentation & Restau.";"Supermarché / Epicerie";"";"Non"
"07/07/2023";"CB Hall Beer Brewer";"Carte Visa Ultim - Mr Paul Bourhis";"-24.5";"Loisirs & Sorties";"Bars / Clubs";"";"Non"
"07/07/2023";"CB Inter Pakama";"Carte Visa Ultim - Mr Paul Bourhis";"-16.77";"Alimentation & Restau.";"Supermarché / Epicerie";"";"Non"
"06/07/2023";"CB Hall Beer Brewer";"Carte Visa Ultim - Mr Paul Bourhis";"-17.75";"Loisirs & Sorties";"Bars / Clubs";"";"Non"
"04/07/2023";"CB Sc Bar Cygale";"Carte Visa Ultim - Mr Paul Bourhis";"-26.0";"Loisirs & Sorties";"Bars / Clubs";"";"Non"
"03/07/2023";"CB Cinq Fois Plus";"Carte Visa Ultim - Mr Paul Bourhis";"-19.3";"Alimentation & Restau.";"Restaurants";"";"Non"
"03/07/2023";"CB Inter Pakama";"Carte Visa Ultim - Mr Paul Bourhis";"-49.02";"Alimentation & Restau.";"Supermarché / Epicerie";"";"Non"
"03/07/2023";"CB Deliveroo";"Carte Visa Ultim - Mr Paul Bourhis";"-16.66";"Alimentation & Restau.";"Fast foods";"";"Non"
"03/07/2023";"CB Toogoodtog";"Carte Visa Ultim - Mr Paul Bourhis";"-3.99";"Alimentation & Restau.";"Supermarché / Epicerie";"";"Non"
"03/07/2023";"CB Inter Pakama";"Carte Visa Ultim - Mr Paul Bourhis";"-17.98";"Alimentation & Restau.";"Supermarché / Epicerie";"";"Non"
"03/07/2023";"CB Les Batignoll";"Carte Visa Ultim - Mr Paul Bourhis";"-25.6";"Loisirs & Sorties";"Loisirs & Sorties - Autres";"";"Non"
"03/07/2023";"CB Inter Pakama";"Carte Visa Ultim - Mr Paul Bourhis";"-9.16";"Alimentation & Restau.";"Supermarché / Epicerie";"";"Non"
"03/07/2023";"CB Inter Pakama";"Carte Visa Ultim - Mr Paul Bourhis";"-10.89";"Alimentation & Restau.";"Supermarché / Epicerie";"";"Non"
"29/06/2023";"CB Sc Bar Cygale";"Carte Visa Ultim - Mr Paul Bourhis";"-24.0";"Loisirs & Sorties";"Bars / Clubs";"";"Non"
"28/06/2023";"CB El Alamein";"Carte Visa Ultim - Mr Paul Bourhis";"-38.0";"Loisirs & Sorties";"Bars / Clubs";"";"Non"
"28/06/2023";"CB Supermarche Riv";"Carte Visa Ultim - Mr Paul Bourhis";"-8.19";"Alimentation & Restau.";"Supermarché / Epicerie";"";"Non"
"28/06/2023";"CB Les Nautes";"Carte Visa Ultim - Mr Paul Bourhis";"-18.0";"Loisirs & Sorties";"Bars / Clubs";"";"Non"
"28/06/2023";"CB Amzn Mktp";"Carte Visa Ultim - Mr Paul Bourhis";"-32.89";"Achats & Shopping";"Achats & Shopping - Autres";"";"Non"
"27/06/2023";"CB Food Breizh";"Carte Visa Ultim - Mr Paul Bourhis";"-18.0";"Loisirs & Sorties";"Sortie au restaurant";"";"Non"
"27/06/2023";"CB Inter Pakama";"Carte Visa Ultim - Mr Paul Bourhis";"-12.75";"Alimentation & Restau.";"Supermarché / Epicerie";"";"Non"
"26/06/2023";"CB Picard Sa";"Carte Visa Ultim - Mr Paul Bourhis";"-5.39";"Alimentation & Restau.";"Supermarché / Epicerie";"";"Non"
"26/06/2023";"CB Inter Pakama";"Carte Visa Ultim - Mr Paul Bourhis";"-13.7";"Alimentation & Restau.";"Supermarché / Epicerie";"";"Non"
"26/06/2023";"CB Pharmacie Encaou";"Carte Visa Ultim - Mr Paul Bourhis";"-29.9";"Santé";"Pharmacie";"";"Non"
"26/06/2023";"Carte";"Carte Visa Ultim - Mr Paul Bourhis";"-18.61";"Alimentation & Restau.";"Supermarché / Epicerie";"";"Non"
"26/06/2023";"CB Le Hang Art";"Carte Visa Ultim - Mr Paul Bourhis";"-5.9";"Loisirs & Sorties";"Bars / Clubs";"";"Non"
"26/06/2023";"CB Franprix";"Carte Visa Ultim - Mr Paul Bourhis";"-20.87";"Alimentation & Restau.";"Supermarché / Epicerie";"";"Non"
"26/06/2023";"CB Rosa Bonheur Se";"Carte Visa Ultim - Mr Paul Bourhis";"-17.0";"Loisirs & Sorties";"Bars / Clubs";"";"Non"
"22/06/2023";"CB Picard Sa";"Carte Visa Ultim - Mr Paul Bourhis";"-5.24";"Alimentation & Restau.";"Supermarché / Epicerie";"";"Non"
"22/06/2023";"CB Dnc";"Carte Visa Ultim - Mr Paul Bourhis";"-16.0";"Loisirs & Sorties";"Bars / Clubs";"";"Non"
"22/06/2023";"CB Sncf Internet";"Carte Visa Ultim - Mr Paul Bourhis";"-78.0";"Auto & Transports";"Billets de train";"";"Non"
"21/06/2023";"CB Www.foodles.co";"Carte Visa Ultim - Mr Paul Bourhis";"-5.0";"Alimentation & Restau.";"Restaurants";"";"Non"
"21/06/2023";"CB Inter Pakama";"Carte Visa Ultim - Mr Paul Bourhis";"-11.33";"Alimentation & Restau.";"Supermarché / Epicerie";"";"Non"
"20/06/2023";"CB Coma";"Carte Visa Ultim - Mr Paul Bourhis";"-17.0";"Alimentation & Restau.";"Café";"";"Non"
"20/06/2023";"CB Sc Au Bureau";"Carte Visa Ultim - Mr Paul Bourhis";"-20.0";"Loisirs & Sorties";"Bars / Clubs";"";"Non"
"19/06/2023";"CB Picard Sa";"Carte Visa Ultim - Mr Paul Bourhis";"-3.6";"Alimentation & Restau.";"Supermarché / Epicerie";"";"Non"
"19/06/2023";"CB Toogoodtog";"Carte Visa Ultim - Mr Paul Bourhis";"-3.99";"Alimentation & Restau.";"Supermarché / Epicerie";"";"Non"
"19/06/2023";"CB Inter Pakama";"Carte Visa Ultim - Mr Paul Bourhis";"-14.5";"Alimentation & Restau.";"Supermarché / Epicerie";"";"Non"
"19/06/2023";"CB Toogoodtog";"Carte Visa Ultim - Mr Paul Bourhis";"-5.99";"Alimentation & Restau.";"Supermarché / Epicerie";"";"Non"
"19/06/2023";"CB Dnh*godaddy.com Europe";"Carte Visa Ultim - Mr Paul Bourhis";"-28.66";"Dépenses pro";"Services en ligne";"";"Non"
"19/06/2023";"CB Carte Ticket Restaurant";"Carte Visa Ultim - Mr Paul Bourhis";"-6.52";"Alimentation & Restau.";"Restaurants";"";"Non"
"16/06/2023";"CB Inter Pakama";"Carte Visa Ultim - Mr Paul Bourhis";"-7.73";"Alimentation & Restau.";"Supermarché / Epicerie";"";"Non"
"16/06/2023";"CB Supermagmalako";"Carte Visa Ultim - Mr Paul Bourhis";"-1.55";"Alimentation & Restau.";"Supermarché / Epicerie";"";"Non"
"15/06/2023";"CB Gladines Halles";"Carte Visa Ultim - Mr Paul Bourhis";"-26.33";"Alimentation & Restau.";"Restaurants";"";"Non"
"15/06/2023";"CB Carte Ticket Restaurant";"Carte Visa Ultim - Mr Paul Bourhis";"-1.6";"Alimentation & Restau.";"Restaurants";"";"Non"
"12/06/2023";"CB Deliveroo";"Carte Visa Ultim - Mr Paul Bourhis";"-1.56";"Alimentation & Restau.";"Fast foods";"";"Non"
"12/06/2023";"CB Carte Ticket Restaurant";"Carte Visa Ultim - Mr Paul Bourhis";"-1.0";"Alimentation & Restau.";"Restaurants";"";"Non"
"12/06/2023";"CB Microsoft";"Carte Visa Ultim - Mr Paul Bourhis";"-1.64";"Abonnements";"Abonnements - Autres";"";"Non"
"12/06/2023";"CB Inter Pakama";"Carte Visa Ultim - Mr Paul Bourhis";"-9.48";"Alimentation & Restau.";"Supermarché / Epicerie";"";"Non"
"09/06/2023";"CB Inter Pakama";"Carte Visa Ultim - Mr Paul Bourhis";"-12.28";"Alimentation & Restau.";"Supermarché / Epicerie";"";"Non"
"08/06/2023";"CB Sc Bar Cygale";"Carte Visa Ultim - Mr Paul Bourhis";"-30.0";"Loisirs & Sorties";"Bars / Clubs";"";"Non"
"07/06/2023";"CB Les Saveurs D'arvor";"Carte Visa Ultim - Mr Paul Bourhis";"-30.05";"Achats & Shopping";"Cadeaux";"";"Non"
"07/06/2023";"CB Le Gambetta";"Carte Visa Ultim - Mr Paul Bourhis";"-7.5";"Alimentation & Restau.";"Restaurants";"";"Non"
"06/06/2023";"CB Le Gambetta";"Carte Visa Ultim - Mr Paul Bourhis";"-13.7";"Alimentation & Restau.";"Restaurants";"";"Non"
"06/06/2023";"CB Casino Shop Paix";"Carte Visa Ultim - Mr Paul Bourhis";"-10.27";"Alimentation & Restau.";"Supermarché / Epicerie";"";"Non"
"05/06/2023";"CB A L Aise";"Carte Visa Ultim - Mr Paul Bourhis";"-7.9";"Dépenses pro";"Notes de frais";"";"Non"
"05/06/2023";"CB Le Gambetta";"Carte Visa Ultim - Mr Paul Bourhis";"-5.2";"Alimentation & Restau.";"Restaurants";"";"Non"
"05/06/2023";"CB Le Gambetta";"Carte Visa Ultim - Mr Paul Bourhis";"-5.2";"Alimentation & Restau.";"Restaurants";"";"Non"
"05/06/2023";"CB A L Aise";"Carte Visa Ultim - Mr Paul Bourhis";"-67.5";"Dépenses pro";"Notes de frais";"";"Non"
"02/06/2023";"CB Toogoodtog";"Carte Visa Ultim - Mr Paul Bourhis";"-2.49";"Alimentation & Restau.";"Supermarché / Epicerie";"";"Non"
"02/06/2023";"CB Deliveroo";"Carte Visa Ultim - Mr Paul Bourhis";"-22.29";"Alimentation & Restau.";"Fast foods";"";"Non"
"02/06/2023";"CB Inter Pakama";"Carte Visa Ultim - Mr Paul Bourhis";"-11.94";"Alimentation & Restau.";"Supermarché / Epicerie";"";"Non"
"02/06/2023";"CB Amz Digital Fra";"Carte Visa Ultim - Mr Paul Bourhis";"-2.99";"Loisirs & Sorties";"Divertissements";"";"Non"
"01/06/2023";"CB Camerone";"Carte Visa Ultim - Mr Paul Bourhis";"-24.0";"Alimentation & Restau.";"Restaurants";"";"Non"
"30/05/2023";"CB Inter Pakama";"Carte Visa Ultim - Mr Paul Bourhis";"-18.47";"Alimentation & Restau.";"Supermarché / Epicerie";"";"Non"
"30/05/2023";"CB Toogoodtog";"Carte Visa Ultim - Mr Paul Bourhis";"-3.99";"Alimentation & Restau.";"Alimentation - Autres";"";"Non"
"30/05/2023";"CB Inter Pakama";"Carte Visa Ultim - Mr Paul Bourhis";"-6.29";"Alimentation & Restau.";"Supermarché / Epicerie";"";"Non"
"30/05/2023";"CB Inter Pakama";"Carte Visa Ultim - Mr Paul Bourhis";"-15.99";"Alimentation & Restau.";"Supermarché / Epicerie";"";"Non"
"30/05/2023";"CB Supermagmalako";"Carte Visa Ultim - Mr Paul Bourhis";"-2.55";"Alimentation & Restau.";"Supermarché / Epicerie";"";"Non"
"30/05/2023";"CB Le Syllon";"Carte Visa Ultim - Mr Paul Bourhis";"-19.0";"Loisirs & Sorties";"Bars / Clubs";"";"Non"
"30/05/2023";"CB Carte Ticket Restaurant";"Carte Visa Ultim - Mr Paul Bourhis";"-1.31";"Alimentation & Restau.";"Restaurants";"";"Non"
"26/05/2023";"CB Inter Pakama";"Carte Visa Ultim - Mr Paul Bourhis";"-5.71";"Alimentation & Restau.";"Supermarché / Epicerie";"";"Non"
"25/05/2023";"CB Yego* Ride Min";"Carte Visa Ultim - Mr Paul Bourhis";"-4.68";"Auto & Transports";"Location de véhicule";"";"Non"
"24/05/2023";"CB Relay";"Carte Visa Ultim - Mr Paul Bourhis";"-4.2";"Alimentation & Restau.";"Alimentation - Autres";"";"Non"
"24/05/2023";"CB Dac Auchan Carbu";"Carte Visa Ultim - Mr Paul Bourhis";"-95.0";"Auto & Transports";"Carburant";"";"Non"
"24/05/2023";"CB Mgp*leetchi Sa";"Carte Visa Ultim - Mr Paul Bourhis";"-20.0";"Achats & Shopping";"Cadeaux";"";"Non"
"23/05/2023";"CB Amzn Mktp";"Carte Visa Ultim - Mr Paul Bourhis";"-9.49";"Logement";"Décoration";"";"Non"
"23/05/2023";"CB Lryl";"Carte Visa Ultim - Mr Paul Bourhis";"-10.0";"Loisirs & Sorties";"Bars / Clubs";"";"Non"
"22/05/2023";"CB Forville Ca";"Carte Visa Ultim - Mr Paul Bourhis";"-1.8";"Auto & Transports";"Stationnement";"";"Non"
"22/05/2023";"CB Lou Bar";"Carte Visa Ultim - Mr Paul Bourhis";"-26.5";"Loisirs & Sorties";"Bars / Clubs";"";"Non"
"22/05/2023";"CB Le Grand Cafe";"Carte Visa Ultim - Mr Paul Bourhis";"-27.0";"Alimentation & Restau.";"Café";"";"Non"
"22/05/2023";"CB Le Trote Ristorante";"Carte Visa Ultim - Mr Paul Bourhis";"-132.0";"Divers";"A catégoriser";"";"Non"
"22/05/2023";"CB Mercato' Camporosso";"Carte Visa Ultim - Mr Paul Bourhis";"-48.92";"Alimentation & Restau.";"Supermarché / Epicerie";"";"Non"
"22/05/2023";"CB Frank Bar Di Cavassa Fra";"Carte Visa Ultim - Mr Paul Bourhis";"-15.0";"Loisirs & Sorties";"Bars / Clubs";"";"Non"
"19/05/2023";"CB Inter Pakama";"Carte Visa Ultim - Mr Paul Bourhis";"-10.79";"Alimentation & Restau.";"Supermarché / Epicerie";"";"Non"
"19/05/2023";"CB Deliveroo";"Carte Visa Ultim - Mr Paul Bourhis";"-2.46";"Alimentation & Restau.";"Fast foods";"";"Non"
"19/05/2023";"CB Sncf Internet";"Carte Visa Ultim - Mr Paul Bourhis";"-95.0";"Auto & Transports";"Billets de train";"";"Non"
"19/05/2023";"Avoir Amz*anyoo Outdoors";"Carte Visa Ultim - Mr Paul Bourhis";"27.99";"Entrées d'argent";"Autres rentrées";"";"Non"
"17/05/2023";"CB Inter Pakama";"Carte Visa Ultim - Mr Paul Bourhis";"-12.29";"Alimentation & Restau.";"Supermarché / Epicerie";"";"Non"
"16/05/2023";"CB Keolis Lyon";"Carte Visa Ultim - Mr Paul Bourhis";"-4.0";"Auto & Transports";"Transports en commun";"";"Non"
"15/05/2023";"CB Flanigan's";"Carte Visa Ultim - Mr Paul Bourhis";"-15.5";"Loisirs & Sorties";"Bars / Clubs";"";"Non"
"15/05/2023";"CB Keolis Lyon";"Carte Visa Ultim - Mr Paul Bourhis";"-6.0";"Auto & Transports";"Transports en commun";"";"Non"
"15/05/2023";"Carte";"Carte Visa Ultim - Mr Paul Bourhis";"-2.8";"Achats & Shopping";"Achats & Shopping - Autres";"";"Non"
"15/05/2023";"CB The Albion";"Carte Visa Ultim - Mr Paul Bourhis";"-16.0";"Loisirs & Sorties";"Bars / Clubs";"";"Non"
"15/05/2023";"CB Inter Pakama";"Carte Visa Ultim - Mr Paul Bourhis";"-24.12";"Alimentation & Restau.";"Supermarché / Epicerie";"";"Non"
"15/05/2023";"CB L'imprevu";"Carte Visa Ultim - Mr Paul Bourhis";"-24.5";"Loisirs & Sorties";"Bars / Clubs";"";"Non"
"12/05/2023";"CB Hall Beer Brewer";"Carte Visa Ultim - Mr Paul Bourhis";"-9.0";"Loisirs & Sorties";"Bars / Clubs";"";"Non"
"12/05/2023";"CB Hall Beer Brewer";"Carte Visa Ultim - Mr Paul Bourhis";"-14.0";"Loisirs & Sorties";"Bars / Clubs";"";"Non"
"12/05/2023";"Carte";"Carte Visa Ultim - Mr Paul Bourhis";"-4.56";"Alimentation & Restau.";"Fast foods";"";"Non"
"12/05/2023";"CB Le Lab";"Carte Visa Ultim - Mr Paul Bourhis";"-44.9";"Divers";"Tabac";"";"Non"
"12/05/2023";"CB Inter Pakama";"Carte Visa Ultim - Mr Paul Bourhis";"-9.73";"Alimentation & Restau.";"Supermarché / Epicerie";"";"Non"
"10/05/2023";"CB Geant";"Carte Visa Ultim - Mr Paul Bourhis";"-3.05";"Alimentation & Restau.";"Supermarché / Epicerie";"";"Non"
"10/05/2023";"CB Sncf Internet";"Carte Visa Ultim - Mr Paul Bourhis";"-112.0";"Auto & Transports";"Billets de train";"";"Non"
"09/05/2023";"CB Super U";"Carte Visa Ultim - Mr Paul Bourhis";"-43.75";"Alimentation & Restau.";"Supermarché / Epicerie";"";"Non"
"09/05/2023";"CB Geant";"Carte Visa Ultim - Mr Paul Bourhis";"-8.32";"Alimentation & Restau.";"Supermarché / Epicerie";"";"Non"
"09/05/2023";"CB Restaurant La Pizza";"Carte Visa Ultim - Mr Paul Bourhis";"-17.5";"Alimentation & Restau.";"Restaurants";"";"Non"
"05/05/2023";"CB Sarl Le Bistrot";"Carte Visa Ultim - Mr Paul Bourhis";"-24.5";"Loisirs & Sorties";"Bars / Clubs";"";"Non"
"05/05/2023";"CB Decathlon";"Carte Visa Ultim - Mr Paul Bourhis";"-12.0";"Achats & Shopping";"Articles de sport";"";"Non"
"04/05/2023";"Carte";"Carte Visa Ultim - Mr Paul Bourhis";"-3.95";"Achats & Shopping";"Achats & Shopping - Autres";"";"Non"
"04/05/2023";"CB Newrest Wagons Lits Franc";"Carte Visa Ultim - Mr Paul Bourhis";"-6.3";"Loisirs & Sorties";"Bars / Clubs";"";"Non"
"03/05/2023";"CB Inter Pakama";"Carte Visa Ultim - Mr Paul Bourhis";"-1.15";"Alimentation & Restau.";"Supermarché / Epicerie";"";"Non"
"03/05/2023";"CB Sncf Internet";"Carte Visa Ultim - Mr Paul Bourhis";"-99.0";"Auto & Transports";"Billets de train";"";"Non"
"03/05/2023";"CB Chatgpt Subscription";"Carte Visa Ultim - Mr Paul Bourhis";"-21.9";"Abonnements";"Abonnements - Autres";"";"Non"
"02/05/2023";"CB Amzn Mktp";"Carte Visa Ultim - Mr Paul Bourhis";"-57.98";"Achats & Shopping";"Achats & Shopping - Autres";"";"Non"
"02/05/2023";"CB Gladines Halles";"Carte Visa Ultim - Mr Paul Bourhis";"-7.0";"Alimentation & Restau.";"Restaurants";"";"Non"
"02/05/2023";"CB Hall Beer Brewer";"Carte Visa Ultim - Mr Paul Bourhis";"-19.0";"Loisirs & Sorties";"Bars / Clubs";"";"Non"
"02/05/2023";"CB Inter Pakama";"Carte Visa Ultim - Mr Paul Bourhis";"-10.82";"Alimentation & Restau.";"Supermarché / Epicerie";"";"Non"
"02/05/2023";"CB Deliveroo";"Carte Visa Ultim - Mr Paul Bourhis";"-38.09";"Alimentation & Restau.";"Fast foods";"";"Non"
"02/05/2023";"CB Deliveroo";"Carte Visa Ultim - Mr Paul Bourhis";"-1.59";"Alimentation & Restau.";"Fast foods";"";"Non"
"02/05/2023";"CB Italia Bella";"Carte Visa Ultim - Mr Paul Bourhis";"-8.4";"Alimentation & Restau.";"Supermarché / Epicerie";"";"Non"
"02/05/2023";"CB Inter Pakama";"Carte Visa Ultim - Mr Paul Bourhis";"-4.42";"Alimentation & Restau.";"Supermarché / Epicerie";"";"Non"
"02/05/2023";"CB Dnh*go Daddy Europe Eur";"Carte Visa Ultim - Mr Paul Bourhis";"-0.79";"Dépenses pro";"Services en ligne";"";"Non"
"27/04/2023";"CB Wall Street Bar";"Carte Visa Ultim - Mr Paul Bourhis";"-13.0";"Loisirs & Sorties";"Bars / Clubs";"";"Non"
"26/04/2023";"CB Haus";"Carte Visa Ultim - Mr Paul Bourhis";"-23.2";"Alimentation & Restau.";"Fast foods";"";"Non"
"26/04/2023";"CB Inter Pakama";"Carte Visa Ultim - Mr Paul Bourhis";"-17.01";"Alimentation & Restau.";"Supermarché / Epicerie";"";"Non"
"26/04/2023";"CB Italia Bella";"Carte Visa Ultim - Mr Paul Bourhis";"-6.46";"Alimentation & Restau.";"Supermarché / Epicerie";"";"Non"
"26/04/2023";"CB Ssp Aeropuerto Vlc";"Carte Visa Ultim - Mr Paul Bourhis";"-9.7";"Alimentation & Restau.";"Café";"";"Non"
"26/04/2023";"CB Hotel Plaza Mercado";"Carte Visa Ultim - Mr Paul Bourhis";"-7.0";"Loisirs & Sorties";"Hôtels";"";"Non"
"26/04/2023";"CB Fgv Valencia";"Carte Visa Ultim - Mr Paul Bourhis";"-4.8";"Auto & Transports";"Transports en commun";"";"Non"
"25/04/2023";"CB Fgv Valencia";"Carte Visa Ultim - Mr Paul Bourhis";"-5.8";"Auto & Transports";"Transports en commun";"";"Non"
"25/04/2023";"CB Center Valencia";"Carte Visa Ultim - Mr Paul Bourhis";"-17.0";"Loisirs & Sorties";"Hôtels";"";"Non"
"25/04/2023";"CB Transavia";"Carte Visa Ultim - Mr Paul Bourhis";"-56.0";"Loisirs & Sorties";"Voyages / Vacances";"";"Non"
"25/04/2023";"CB Taberna Las Meninas";"Carte Visa Ultim - Mr Paul Bourhis";"-29.5";"Alimentation & Restau.";"Alimentation - Autres";"";"Non"
"25/04/2023";"CB Fgv Valencia";"Carte Visa Ultim - Mr Paul Bourhis";"-4.8";"Auto & Transports";"Transports en commun";"";"Non"
"24/04/2023";"CB Yego* Ride Min";"Carte Visa Ultim - Mr Paul Bourhis";"-5.7";"Auto & Transports";"Location de véhicule";"";"Non"
"24/04/2023";"CB Yego* Ride Min";"Carte Visa Ultim - Mr Paul Bourhis";"-5.7";"Auto & Transports";"Location de véhicule";"";"Non"
"24/04/2023";"CB La Malvaloca";"Carte Visa Ultim - Mr Paul Bourhis";"-34.5";"Loisirs & Sorties";"Voyages / Vacances";"";"Non"
"24/04/2023";"CB Dulce De Leche Boutique";"Carte Visa Ultim - Mr Paul Bourhis";"-29.0";"Achats & Shopping";"Achats & Shopping - Autres";"";"Non"
"24/04/2023";"CB Yego* Ride Min";"Carte Visa Ultim - Mr Paul Bourhis";"-1.8";"Auto & Transports";"Location de véhicule";"";"Non"
"24/04/2023";"CB Yego* Ride Min";"Carte Visa Ultim - Mr Paul Bourhis";"-4.5";"Auto & Transports";"Location de véhicule";"";"Non"
"24/04/2023";"CB Yego* Ride Min";"Carte Visa Ultim - Mr Paul Bourhis";"-3.3";"Auto & Transports";"Location de véhicule";"";"Non"
"24/04/2023";"CB Yego* Ride Min";"Carte Visa Ultim - Mr Paul Bourhis";"-8.4";"Auto & Transports";"Location de véhicule";"";"Non"
"24/04/2023";"CB Yego* Ride Min";"Carte Visa Ultim - Mr Paul Bourhis";"-4.2";"Auto & Transports";"Location de véhicule";"";"Non"
"24/04/2023";"CB Yego* Ride Min";"Carte Visa Ultim - Mr Paul Bourhis";"-1.7";"Auto & Transports";"Location de véhicule";"";"Non"
"24/04/2023";"CB Bike Rent";"Carte Visa Ultim - Mr Paul Bourhis";"-14.0";"Loisirs & Sorties";"Loisirs & Sorties - Autres";"";"Non"
"24/04/2023";"CB Fruta Y Verduda Sazulfya";"Carte Visa Ultim - Mr Paul Bourhis";"-14.0";"Divers";"A catégoriser";"";"Non"
"24/04/2023";"CB Restaurante Acqua";"Carte Visa Ultim - Mr Paul Bourhis";"-13.95";"Alimentation & Restau.";"Restaurants";"";"Non"
"24/04/2023";"CB Restaurante El Trompo";"Carte Visa Ultim - Mr Paul Bourhis";"-24.5";"Alimentation & Restau.";"Restaurants";"";"Non"
"21/04/2023";"CB El Cangrejo Valencia";"Carte Visa Ultim - Mr Paul Bourhis";"-15.0";"Alimentation & Restau.";"Restaurants";"";"Non"
"21/04/2023";"CB La Fabrica De Hielo";"Carte Visa Ultim - Mr Paul Bourhis";"-5.5";"Loisirs & Sorties";"Bars / Clubs";"";"Non"
"21/04/2023";"CB La Fabrica De Hielo";"Carte Visa Ultim - Mr Paul Bourhis";"-6.0";"Loisirs & Sorties";"Bars / Clubs";"";"Non"
"21/04/2023";"CB Yego* Ride Min";"Carte Visa Ultim - Mr Paul Bourhis";"-5.7";"Auto & Transports";"Location de véhicule";"";"Non"
"21/04/2023";"CB Yego* Ride Min";"Carte Visa Ultim - Mr Paul Bourhis";"-6.9";"Auto & Transports";"Location de véhicule";"";"Non"
"21/04/2023";"CB Tantomonta Valencia";"Carte Visa Ultim - Mr Paul Bourhis";"-37.85";"Divers";"A catégoriser";"";"Non"
"21/04/2023";"CB Yego* Ride Min";"Carte Visa Ultim - Mr Paul Bourhis";"-3.3";"Auto & Transports";"Location de véhicule";"";"Non"
"20/04/2023";"CB Hall Beer Brewer";"Carte Visa Ultim - Mr Paul Bourhis";"-8.5";"Loisirs & Sorties";"Bars / Clubs";"";"Non"
"20/04/2023";"CB Hall Beer Brewer";"Carte Visa Ultim - Mr Paul Bourhis";"-8.0";"Loisirs & Sorties";"Bars / Clubs";"";"Non"
"20/04/2023";"CB Ratp";"Carte Visa Ultim - Mr Paul Bourhis";"-11.2";"Auto & Transports";"Transports en commun";"";"Non"
"20/04/2023";"CB Lizarran Plaza Ayto";"Carte Visa Ultim - Mr Paul Bourhis";"-13.5";"Alimentation & Restau.";"Café";"";"Non"
"20/04/2023";"CB Fgv Valencia";"Carte Visa Ultim - Mr Paul Bourhis";"-4.5";"Auto & Transports";"Transports en commun";"";"Non"
"18/04/2023";"CB Inter Lusso";"Carte Visa Ultim - Mr Paul Bourhis";"-9.11";"Alimentation & Restau.";"Supermarché / Epicerie";"";"Non"
"18/04/2023";"CB La Poste Boutiqu";"Carte Visa Ultim - Mr Paul Bourhis";"-6.13";"Dépenses pro";"Frais d'expéditions";"";"Non"
"17/04/2023";"CB Inter Pakama";"Carte Visa Ultim - Mr Paul Bourhis";"-4.83";"Alimentation & Restau.";"Supermarché / Epicerie";"";"Non"
"17/04/2023";"CB Inter Pakama";"Carte Visa Ultim - Mr Paul Bourhis";"-14.6";"Alimentation & Restau.";"Supermarché / Epicerie";"";"Non"
"17/04/2023";"CB Deliveroo";"Carte Visa Ultim - Mr Paul Bourhis";"-16.22";"Alimentation & Restau.";"Fast foods";"";"Non"
"13/04/2023";"CB Microsoft";"Carte Visa Ultim - Mr Paul Bourhis";"-2.09";"Loisirs & Sorties";"Divertissements";"";"Non"
"13/04/2023";"CB Vueling";"Carte Visa Ultim - Mr Paul Bourhis";"-48.99";"Auto & Transports";"Billets d'avion";"";"Non"
"12/04/2023";"CB Vueling";"Carte Visa Ultim - Mr Paul Bourhis";"-48.99";"Auto & Transports";"Billets d'avion";"";"Non"
"12/04/2023";"CB Microsoft";"Carte Visa Ultim - Mr Paul Bourhis";"-2.09";"Loisirs & Sorties";"Divertissements";"";"Non"
"10/04/2023";"CB Sncf Internet";"Carte Visa Ultim - Mr Paul Bourhis";"-112.0";"Auto & Transports";"Billets de train";"";"Non"
"07/04/2023";"CB Deliveroo";"Carte Visa Ultim - Mr Paul Bourhis";"-16.66";"Alimentation & Restau.";"Fast foods";"";"Non"
"06/04/2023";"CB Inter Pakama";"Carte Visa Ultim - Mr Paul Bourhis";"-11.44";"Auto & Transports";"Carburant";"";"Non"
"03/04/2023";"CB Inter Pakama";"Carte Visa Ultim - Mr Paul Bourhis";"-6.06";"Alimentation & Restau.";"Supermarché / Epicerie";"";"Non"
"01/04/2023";"CB Deliveroo";"Carte Visa Ultim - Mr Paul Bourhis";"-13.72";"Alimentation & Restau.";"Fast foods";"";"Non"
"01/04/2023";"CB Inter Pakama";"Carte Visa Ultim - Mr Paul Bourhis";"-0.89";"Alimentation & Restau.";"Supermarché / Epicerie";"";"Non"
"01/04/2023";"Usd Euro Carte Chatgpt Subscription";"Carte Visa Ultim - Mr Paul Bourhis";"-22.16";"Abonnements";"Abonnements - Autres";"";"Non"
"01/04/2023";"CB Inter Pakama";"Carte Visa Ultim - Mr Paul Bourhis";"-4.9";"Alimentation & Restau.";"Supermarché / Epicerie";"";"Non"
"31/03/2023";"CB Inter Lusso";"Carte Visa Ultim - Mr Paul Bourhis";"-7.26";"Alimentation & Restau.";"Supermarché / Epicerie";"";"Non"
"31/03/2023";"CB Deliveroo";"Carte Visa Ultim - Mr Paul Bourhis";"-13.72";"Alimentation & Restau.";"Fast foods";"";"Non"
"30/03/2023";"CB Italia Bella";"Carte Visa Ultim - Mr Paul Bourhis";"-18.45";"Alimentation & Restau.";"Supermarché / Epicerie";"";"Non"
"30/03/2023";"CB Inter Pakama";"Carte Visa Ultim - Mr Paul Bourhis";"-11.33";"Alimentation & Restau.";"Supermarché / Epicerie";"";"Non"
"29/03/2023";"CB Relay";"Carte Visa Ultim - Mr Paul Bourhis";"-3.6";"Alimentation & Restau.";"Alimentation - Autres";"";"Non"
"29/03/2023";"CB Amzn Mktp";"Carte Visa Ultim - Mr Paul Bourhis";"-11.99";"Achats & Shopping";"Achats & Shopping - Autres";"";"Non"
"28/03/2023";"CB Lidl";"Carte Visa Ultim - Mr Paul Bourhis";"-17.22";"Alimentation & Restau.";"Supermarché / Epicerie";"";"Non"
"27/03/2023";"CB Lidl";"Carte Visa Ultim - Mr Paul Bourhis";"-6.38";"Alimentation & Restau.";"Supermarché / Epicerie";"";"Non"
"26/03/2023";"CB Geant";"Carte Visa Ultim - Mr Paul Bourhis";"-22.33";"Alimentation & Restau.";"Supermarché / Epicerie";"";"Non"
"26/03/2023";"CB Eurl Coldrip";"Carte Visa Ultim - Mr Paul Bourhis";"-26.5";"Alimentation & Restau.";"Restaurants";"";"Non"
"25/03/2023";"CB M Ticket Tam";"Carte Visa Ultim - Mr Paul Bourhis";"-2.0";"Auto & Transports";"Stationnement";"";"Non"
"25/03/2023";"CB Deliveroo";"Carte Visa Ultim - Mr Paul Bourhis";"-45.2";"Alimentation & Restau.";"Fast foods";"";"Non"
"25/03/2023";"CB Les Vedettes";"Carte Visa Ultim - Mr Paul Bourhis";"-5.0";"Loisirs & Sorties";"Bars / Clubs";"";"Non"
"24/03/2023";"CB Relay";"Carte Visa Ultim - Mr Paul Bourhis";"-4.4";"Alimentation & Restau.";"Alimentation - Autres";"";"Non"
"24/03/2023";"CB Sumup *taxi Kouame Ko";"Carte Visa Ultim - Mr Paul Bourhis";"-9.5";"Auto & Transports";"Auto & Transports - Autres";"";"Non"
"22/03/2023";"CB Bar Fondamental";"Carte Visa Ultim - Mr Paul Bourhis";"-8.0";"Loisirs & Sorties";"Bars / Clubs";"";"Non"
"20/03/2023";"CB Amzn Mktp";"Carte Visa Ultim - Mr Paul Bourhis";"-3.99";"Achats & Shopping";"Achats & Shopping - Autres";"";"Non"
"20/03/2023";"CB La Vie Claire Cl";"Carte Visa Ultim - Mr Paul Bourhis";"-29.34";"Alimentation & Restau.";"Alimentation - Autres";"";"Non"
"19/03/2023";"CB Intermarche";"Carte Visa Ultim - Mr Paul Bourhis";"-34.96";"Alimentation & Restau.";"Supermarché / Epicerie";"";"Non"
"15/03/2023";"Avoir Sncf Internet";"Carte Visa Ultim - Mr Paul Bourhis";"28.0";"Entrées d'argent";"Remboursements";"";"Non"
"15/03/2023";"Avoir Sncf";"Carte Visa Ultim - Mr Paul Bourhis";"59.0";"Entrées d'argent";"Remboursements";"";"Non"
"15/03/2023";"CB Sncf Internet";"Carte Visa Ultim - Mr Paul Bourhis";"-137.0";"Auto & Transports";"Billets de train";"";"Non"
"13/03/2023";"CB Comara Hadietou";"Carte Visa Ultim - Mr Paul Bourhis";"-10.8";"Divers";"A catégoriser";"";"Non"
"13/03/2023";"CB Sncf Internet";"Carte Visa Ultim - Mr Paul Bourhis";"-145.0";"Auto & Transports";"Billets de train";"";"Non"
"12/03/2023";"CB Bouillonle* Bouillon P";"Carte Visa Ultim - Mr Paul Bourhis";"-18.04";"Loisirs & Sorties";"Sortie au restaurant";"";"Non"
"11/03/2023";"CB Sumup *hadj Ahmed";"Carte Visa Ultim - Mr Paul Bourhis";"-17.3";"Divers";"A catégoriser";"";"Non"
"11/03/2023";"CB Taverne De Zhao";"Carte Visa Ultim - Mr Paul Bourhis";"-45.1";"Loisirs & Sorties";"Bars / Clubs";"";"Non"
"11/03/2023";"CB Intermarche";"Carte Visa Ultim - Mr Paul Bourhis";"-9.83";"Alimentation & Restau.";"Supermarché / Epicerie";"";"Non"
"10/03/2023";"CB Italia Bella";"Carte Visa Ultim - Mr Paul Bourhis";"-32.93";"Alimentation & Restau.";"Supermarché / Epicerie";"";"Non"
"10/03/2023";"CB Intermarche";"Carte Visa Ultim - Mr Paul Bourhis";"-10.6";"Alimentation & Restau.";"Supermarché / Epicerie";"";"Non"
"09/03/2023";"CB Sc Corcorans";"Carte Visa Ultim - Mr Paul Bourhis";"-8.5";"Loisirs & Sorties";"Bars / Clubs";"";"Non"
"09/03/2023";"CB Sc Corcorans";"Carte Visa Ultim - Mr Paul Bourhis";"-6.6";"Loisirs & Sorties";"Bars / Clubs";"";"Non"
"07/03/2023";"CB Intermarche";"Carte Visa Ultim - Mr Paul Bourhis";"-6.44";"Alimentation & Restau.";"Supermarché / Epicerie";"";"Non"
"06/03/2023";"CB Ticketmaster";"Carte Visa Ultim - Mr Paul Bourhis";"-71.45";"Loisirs & Sorties";"Divertissements";"";"Non"
"06/03/2023";"CB Lusso";"Carte Visa Ultim - Mr Paul Bourhis";"-3.58";"Alimentation & Restau.";"Supermarché / Epicerie";"";"Non"
"05/03/2023";"CB Intermarche";"Carte Visa Ultim - Mr Paul Bourhis";"-13.85";"Alimentation & Restau.";"Supermarché / Epicerie";"";"Non"
"04/03/2023";"CB E.leclerc";"Carte Visa Ultim - Mr Paul Bourhis";"-14.62";"Alimentation & Restau.";"Supermarché / Epicerie";"";"Non"
"04/03/2023";"CB Deliveroo";"Carte Visa Ultim - Mr Paul Bourhis";"-16.66";"Alimentation & Restau.";"Fast foods";"";"Non"
"03/03/2023";"CB Sc Bierescultes";"Carte Visa Ultim - Mr Paul Bourhis";"-8.5";"Loisirs & Sorties";"Bars / Clubs";"";"Non"
"03/03/2023";"CB Sc Bierescultes";"Carte Visa Ultim - Mr Paul Bourhis";"-17.3";"Loisirs & Sorties";"Bars / Clubs";"";"Non"
"03/03/2023";"CB Hall Beer Brewer";"Carte Visa Ultim - Mr Paul Bourhis";"-14.4";"Loisirs & Sorties";"Bars / Clubs";"";"Non"
"02/03/2023";"Avoir Lw Sncf Connect";"Carte Visa Ultim - Mr Paul Bourhis";"28.0";"Entrées d'argent";"Remboursements";"";"Non"
"02/03/2023";"CB Picard Sa";"Carte Visa Ultim - Mr Paul Bourhis";"-3.6";"Alimentation & Restau.";"Supermarché / Epicerie";"";"Non"
"02/03/2023";"CB Lw Sncf Connect";"Carte Visa Ultim - Mr Paul Bourhis";"-26.0";"Auto & Transports";"Billets de train";"";"Non"
"02/03/2023";"CB Lusso";"Carte Visa Ultim - Mr Paul Bourhis";"-8.76";"Alimentation & Restau.";"Supermarché / Epicerie";"";"Non"
"02/03/2023";"CB Lw Sncf Connect";"Carte Visa Ultim - Mr Paul Bourhis";"-98.0";"Auto & Transports";"Billets de train";"";"Non"
"02/03/2023";"CB Sncf Internet";"Carte Visa Ultim - Mr Paul Bourhis";"-28.0";"Auto & Transports";"Billets de train";"";"Non"
"01/03/2023";"CB Lusso";"Carte Visa Ultim - Mr Paul Bourhis";"-6.46";"Alimentation & Restau.";"Supermarché / Epicerie";"";"Non"
"01/03/2023";"CB Picard Sa";"Carte Visa Ultim - Mr Paul Bourhis";"-3.6";"Alimentation & Restau.";"Supermarché / Epicerie";"";"Non"
"28/02/2023";"CB Picard Sa";"Carte Visa Ultim - Mr Paul Bourhis";"-3.3";"Alimentation & Restau.";"Supermarché / Epicerie";"";"Non"
"28/02/2023";"CB Italia Bella";"Carte Visa Ultim - Mr Paul Bourhis";"-15.03";"Alimentation & Restau.";"Supermarché / Epicerie";"";"Non"
"27/02/2023";"CB Newrest Wagons Lits Franc";"Carte Visa Ultim - Mr Paul Bourhis";"-4.4";"Loisirs & Sorties";"Bars / Clubs";"";"Non"
"27/02/2023";"CB Relay";"Carte Visa Ultim - Mr Paul Bourhis";"-7.1";"Alimentation & Restau.";"Alimentation - Autres";"";"Non"
"27/02/2023";"CB Ticketmaster";"Carte Visa Ultim - Mr Paul Bourhis";"-43.45";"Loisirs & Sorties";"Divertissements";"";"Non"
"26/02/2023";"CB Quiz Room";"Carte Visa Ultim - Mr Paul Bourhis";"-25.5";"Loisirs & Sorties";"Divertissements";"";"Non"
"26/02/2023";"CB Deliveroo";"Carte Visa Ultim - Mr Paul Bourhis";"-32.0";"Alimentation & Restau.";"Fast foods";"";"Non"
"25/02/2023";"CB Jules";"Carte Visa Ultim - Mr Paul Bourhis";"-30.18";"Achats & Shopping";"Vêtements/Chaussures";"";"Non"
"25/02/2023";"CB Enfants Rouges";"Carte Visa Ultim - Mr Paul Bourhis";"-58.0";"Alimentation & Restau.";"Restaurants";"";"Non"
"25/02/2023";"CB Lance Ta Hache";"Carte Visa Ultim - Mr Paul Bourhis";"-7.2";"Loisirs & Sorties";"Divertissements";"";"Non"
"25/02/2023";"CB Geant";"Carte Visa Ultim - Mr Paul Bourhis";"-22.76";"Alimentation & Restau.";"Supermarché / Epicerie";"";"Non"
"24/02/2023";"CB Newrest Wagons Lits Franc";"Carte Visa Ultim - Mr Paul Bourhis";"-6.2";"Loisirs & Sorties";"Bars / Clubs";"";"Non"
"24/02/2023";"CB Relay";"Carte Visa Ultim - Mr Paul Bourhis";"-9.1";"Alimentation & Restau.";"Alimentation - Autres";"";"Non"
"23/02/2023";"CB Italia Bella";"Carte Visa Ultim - Mr Paul Bourhis";"-19.95";"Alimentation & Restau.";"Supermarché / Epicerie";"";"Non"
"23/02/2023";"CB Lusso";"Carte Visa Ultim - Mr Paul Bourhis";"-6.43";"Alimentation & Restau.";"Supermarché / Epicerie";"";"Non"
"23/02/2023";"CB Restaurant Charl";"Carte Visa Ultim - Mr Paul Bourhis";"-13.9";"Alimentation & Restau.";"Restaurants";"";"Non"
"22/02/2023";"CB Gladines Halles";"Carte Visa Ultim - Mr Paul Bourhis";"-22.5";"Alimentation & Restau.";"Restaurants";"";"Non"
"22/02/2023";"CB Hall Beer Brewer";"Carte Visa Ultim - Mr Paul Bourhis";"-18.0";"Loisirs & Sorties";"Bars / Clubs";"";"Non"
"22/02/2023";"CB Www.foodles.co";"Carte Visa Ultim - Mr Paul Bourhis";"-10.0";"Alimentation & Restau.";"Restaurants";"";"Non"
"22/02/2023";"CB Picard Sa";"Carte Visa Ultim - Mr Paul Bourhis";"-5.6";"Alimentation & Restau.";"Supermarché / Epicerie";"";"Non"
"21/02/2023";"CB Carte Ticket Restaurant";"Carte Visa Ultim - Mr Paul Bourhis";"-0.72";"Alimentation & Restau.";"Restaurants";"";"Non"
"19/02/2023";"CB Lw Sncf Connect";"Carte Visa Ultim - Mr Paul Bourhis";"-159.0";"Auto & Transports";"Billets de train";"";"Non"
"17/02/2023";"CB Deliveroo";"Carte Visa Ultim - Mr Paul Bourhis";"-15.67";"Alimentation & Restau.";"Fast foods";"";"Non"
"17/02/2023";"CB Intermarche";"Carte Visa Ultim - Mr Paul Bourhis";"-16.66";"Alimentation & Restau.";"Supermarché / Epicerie";"";"Non"
"14/02/2023";"CB Fut Et A Mesure";"Carte Visa Ultim - Mr Paul Bourhis";"-15.0";"Loisirs & Sorties";"Bars / Clubs";"";"Non"
"14/02/2023";"CB Intermarche";"Carte Visa Ultim - Mr Paul Bourhis";"-28.62";"Alimentation & Restau.";"Supermarché / Epicerie";"";"Non"
"13/02/2023";"CB Cyra Group";"Carte Visa Ultim - Mr Paul Bourhis";"-9.99";"Achats & Shopping";"Achats & Shopping - Autres";"";"Non"
"13/02/2023";"CB Newrest Wagons Lits Franc";"Carte Visa Ultim - Mr Paul Bourhis";"-6.2";"Loisirs & Sorties";"Bars / Clubs";"";"Non"
"13/02/2023";"Carte";"Carte Visa Ultim - Mr Paul Bourhis";"-3.7";"Auto & Transports";"Auto & Transports - Autres";"";"Non"
"13/02/2023";"CB Stationnement";"Carte Visa Ultim - Mr Paul Bourhis";"-1.95";"Auto & Transports";"Stationnement";"";"Non"
"13/02/2023";"CB Cap Sud";"Carte Visa Ultim - Mr Paul Bourhis";"-7.0";"Alimentation & Restau.";"Fast foods";"";"Non"
"13/02/2023";"CB Newrest Wagons Lits Franc";"Carte Visa Ultim - Mr Paul Bourhis";"-6.2";"Loisirs & Sorties";"Bars / Clubs";"";"Non"
"12/02/2023";"CB La Muchacha";"Carte Visa Ultim - Mr Paul Bourhis";"-26.25";"Loisirs & Sorties";"Bars / Clubs";"";"Non"
"12/02/2023";"CB Mad Monkey";"Carte Visa Ultim - Mr Paul Bourhis";"-18.0";"Loisirs & Sorties";"Divertissements";"";"Non"
"11/02/2023";"CB La Selva";"Carte Visa Ultim - Mr Paul Bourhis";"-39.9";"Alimentation & Restau.";"Restaurants";"";"Non"
"11/02/2023";"CB Avva Garden";"Carte Visa Ultim - Mr Paul Bourhis";"-28.0";"Alimentation & Restau.";"Restaurants";"";"Non"
"11/02/2023";"CB Golf";"Carte Visa Ultim - Mr Paul Bourhis";"-10.0";"Loisirs & Sorties";"Sport";"";"Non"
"09/02/2023";"CB Badgers";"Carte Visa Ultim - Mr Paul Bourhis";"-10.5";"Loisirs & Sorties";"Bars / Clubs";"";"Non"
"09/02/2023";"CB Badgers";"Carte Visa Ultim - Mr Paul Bourhis";"-12.5";"Loisirs & Sorties";"Bars / Clubs";"";"Non"
"08/02/2023";"CB Intermarche";"Carte Visa Ultim - Mr Paul Bourhis";"-29.71";"Alimentation & Restau.";"Supermarché / Epicerie";"";"Non"
"06/02/2023";"CB Bar Fondamental";"Carte Visa Ultim - Mr Paul Bourhis";"-15.5";"Loisirs & Sorties";"Bars / Clubs";"";"Non"
"06/02/2023";"CB Bar Fondamental";"Carte Visa Ultim - Mr Paul Bourhis";"-24.5";"Loisirs & Sorties";"Bars / Clubs";"";"Non"
"03/02/2023";"CB Carte Ticket Restaurant";"Carte Visa Ultim - Mr Paul Bourhis";"-3.49";"Alimentation & Restau.";"Restaurants";"";"Non"
"03/02/2023";"CB Lusso";"Carte Visa Ultim - Mr Paul Bourhis";"-9.69";"Alimentation & Restau.";"Supermarché / Epicerie";"";"Non"
"03/02/2023";"CB Deliveroo";"Carte Visa Ultim - Mr Paul Bourhis";"-2.46";"Alimentation & Restau.";"Fast foods";"";"Non"
"02/02/2023";"CB Intermarche";"Carte Visa Ultim - Mr Paul Bourhis";"-13.74";"Alimentation & Restau.";"Supermarché / Epicerie";"";"Non"
"02/02/2023";"CB Italia Bella";"Carte Visa Ultim - Mr Paul Bourhis";"-9.77";"Alimentation & Restau.";"Supermarché / Epicerie";"";"Non"
"01/02/2023";"CB Sncf Internet";"Carte Visa Ultim - Mr Paul Bourhis";"-158.0";"Auto & Transports";"Billets de train";"";"Non"
"31/01/2023";"CB Intermarche";"Carte Visa Ultim - Mr Paul Bourhis";"-3.45";"Alimentation & Restau.";"Supermarché / Epicerie";"";"Non"
"30/01/2023";"CB Nutripure";"Carte Visa Ultim - Mr Paul Bourhis";"-41.07";"Santé";"Santé - Autres";"";"Non"
"29/01/2023";"CB Intermarche";"Carte Visa Ultim - Mr Paul Bourhis";"-29.61";"Alimentation & Restau.";"Supermarché / Epicerie";"";"Non"
"28/01/2023";"Avoir Amazon Payments";"Carte Visa Ultim - Mr Paul Bourhis";"48.51";"Entrées d'argent";"Remboursements";"";"Non"
"28/01/2023";"CB La Felicita";"Carte Visa Ultim - Mr Paul Bourhis";"-7.5";"Loisirs & Sorties";"Sortie au restaurant";"";"Non"
"27/01/2023";"Carte";"Carte Visa Ultim - Mr Paul Bourhis";"-26.25";"Achats & Shopping";"Cadeaux";"";"Non"
"26/01/2023";"CB Sm Casino";"Carte Visa Ultim - Mr Paul Bourhis";"-6.08";"Alimentation & Restau.";"Supermarché / Epicerie";"";"Non"
"26/01/2023";"CB Intermarche";"Carte Visa Ultim - Mr Paul Bourhis";"-11.78";"Alimentation & Restau.";"Supermarché / Epicerie";"";"Non"
"25/01/2023";"CB Bomaye Burger";"Carte Visa Ultim - Mr Paul Bourhis";"-22.9";"Alimentation & Restau.";"Fast foods";"";"Non"
"24/01/2023";"CB Newrest Wagons Lits Franc";"Carte Visa Ultim - Mr Paul Bourhis";"-9.1";"Loisirs & Sorties";"Voyages / Vacances";"";"Non"
"24/01/2023";"CB Deliveroo";"Carte Visa Ultim - Mr Paul Bourhis";"-2.98";"Alimentation & Restau.";"Restaurants";"";"Non"
"22/01/2023";"CB Cafe Latitude";"Carte Visa Ultim - Mr Paul Bourhis";"-6.6";"Alimentation & Restau.";"Café";"";"Non"
"22/01/2023";"CB Deliveroo";"Carte Visa Ultim - Mr Paul Bourhis";"-51.84";"Alimentation & Restau.";"Fast foods";"";"Non"
"21/01/2023";"CB Waffle Factory";"Carte Visa Ultim - Mr Paul Bourhis";"-11.2";"Alimentation & Restau.";"Fast foods";"";"Non"
"21/01/2023";"CB L'entrecote";"Carte Visa Ultim - Mr Paul Bourhis";"-33.9";"Loisirs & Sorties";"Sortie au restaurant";"";"Non"
"19/01/2023";"CB Geant";"Carte Visa Ultim - Mr Paul Bourhis";"-33.5";"Alimentation & Restau.";"Supermarché / Epicerie";"";"Non"
"18/01/2023";"CB Relay";"Carte Visa Ultim - Mr Paul Bourhis";"-7.5";"Alimentation & Restau.";"Alimentation - Autres";"";"Non"
"18/01/2023";"CB Newrest Wagons Lits Franc";"Carte Visa Ultim - Mr Paul Bourhis";"-6.2";"Loisirs & Sorties";"Voyages / Vacances";"";"Non"
"17/01/2023";"CB Le Bouillon";"Carte Visa Ultim - Mr Paul Bourhis";"-34.17";"Loisirs & Sorties";"Sortie au restaurant";"";"Non"
"17/01/2023";"CB Bmc";"Carte Visa Ultim - Mr Paul Bourhis";"-6.5";"Alimentation & Restau.";"Restaurants";"";"Non"
"16/01/2023";"CB La Favorite";"Carte Visa Ultim - Mr Paul Bourhis";"-24.0";"Loisirs & Sorties";"Bars / Clubs";"";"Non"
"15/01/2023";"CB La Felicita";"Carte Visa Ultim - Mr Paul Bourhis";"-19.0";"Alimentation & Restau.";"Restaurants";"";"Non"
"15/01/2023";"Carte";"Carte Visa Ultim - Mr Paul Bourhis";"-32.87";"Auto & Transports";"Carburant";"";"Non"
"14/01/2023";"CB Mme Sarfati";"Carte Visa Ultim - Mr Paul Bourhis";"-6.5";"Loisirs & Sorties";"Bars / Clubs";"";"Non"
"14/01/2023";"CB Sc.the Playce H";"Carte Visa Ultim - Mr Paul Bourhis";"-19.5";"Loisirs & Sorties";"Bars / Clubs";"";"Non"
"14/01/2023";"CB Intermarche";"Carte Visa Ultim - Mr Paul Bourhis";"-6.03";"Alimentation & Restau.";"Supermarché / Epicerie";"";"Non"
"13/01/2023";"CB Rest Baan Thai";"Carte Visa Ultim - Mr Paul Bourhis";"-27.2";"Alimentation & Restau.";"Restaurants";"";"Non"
"13/01/2023";"CB Montparnasse";"Carte Visa Ultim - Mr Paul Bourhis";"-36.0";"Santé";"Santé - Autres";"";"Non"
"12/01/2023";"Intermarche\clichy\ Fr";"Carte Visa Ultim - Mr Paul Bourhis";"-6.16";"Alimentation & Restau.";"Supermarché / Epicerie";"";"Non"
"11/01/2023";"CB Intermarche";"Carte Visa Ultim - Mr Paul Bourhis";"-57.33";"Alimentation & Restau.";"Supermarché / Epicerie";"";"Non"
"11/01/2023";"CB Italia Bella";"Carte Visa Ultim - Mr Paul Bourhis";"-17.81";"Achats & Shopping";"Cadeaux";"";"Non"
"08/01/2023";"CB Lecentquatre";"Carte Visa Ultim - Mr Paul Bourhis";"-30.0";"Achats & Shopping";"Cadeaux";"";"Non"
"08/01/2023";"CB Intermarche";"Carte Visa Ultim - Mr Paul Bourhis";"-26.06";"Alimentation & Restau.";"Supermarché / Epicerie";"";"Non"
"07/01/2023";"CB Ikea";"Carte Visa Ultim - Mr Paul Bourhis";"-34.97";"Achats & Shopping";"Achats & Shopping - Autres";"";"Non"
"06/01/2023";"CB Deliveroo";"Carte Visa Ultim - Mr Paul Bourhis";"-2.46";"Alimentation & Restau.";"Fast foods";"";"Non"
"06/01/2023";"CB Intermarche";"Carte Visa Ultim - Mr Paul Bourhis";"-10.38";"Alimentation & Restau.";"Supermarché / Epicerie";"";"Non"
"04/01/2023";"CB Sc Bierescultes";"Carte Visa Ultim - Mr Paul Bourhis";"-9.5";"Loisirs & Sorties";"Bars / Clubs";"";"Non"
"04/01/2023";"CB Carrefour City";"Carte Visa Ultim - Mr Paul Bourhis";"-4.32";"Alimentation & Restau.";"Supermarché / Epicerie";"";"Non"
"02/01/2023";"CB Rituals Cosmetics Fran";"Carte Visa Ultim - Mr Paul Bourhis";"-13.9";"Achats & Shopping";"Cadeaux";"";"Non"
"01/01/2023";"CB Amazon Payments";"Carte Visa Ultim - Mr Paul Bourhis";"-48.51";"Achats & Shopping";"Achats & Shopping - Autres";"";"Non"
"01/01/2023";"CB Ucpa Val D Is";"Carte Visa Ultim - Mr Paul Bourhis";"-1.0";"Loisirs & Sorties";"Voyages / Vacances";"";"Non"
"01/01/2023";"CB Total";"Carte Visa Ultim - Mr Paul Bourhis";"-7.4";"Auto & Transports";"Carburant";"";"Non"
"01/01/2023";"CB Amazon Prime Fr";"Carte Visa Ultim - Mr Paul Bourhis";"-69.9";"Achats & Shopping";"Achats & Shopping - Autres";"";"Non"
"05/07/2023";"Vir Virement Interne Depuis Livret D Eveloppement Durab Bourhis Paul";"M Bourhis Paul";"3000.0";"Entrées d'argent";"Virements internes";"";"Non"
"05/07/2023";"Vir Sepa Bourhis Paul Virement Interne Depuis Boursorama Réf";"M Bourhis Paul";"-3000.0";"Retraits, Chq. et Vir.";"Virements internes";"";"Non"
"05/07/2023";"Vir Sepa Bourhis Paul R}f";"M Bourhis Paul";"1500.0";"Entrées d'argent";"Virements internes";"";"Non"
"03/07/2023";"Relevé Différé";"M Bourhis Paul";"-826.83";"Banque";"Débit mensuel carte";"";"Non"
"20/06/2023";"Retrait Dab Colombes";"M Bourhis Paul";"-40.0";"Retraits, Chq. et Vir.";"Retraits";"";"Non"
"05/06/2023";"Retrait Dab Vannes";"M Bourhis Paul";"-300.0";"Retraits, Chq. et Vir.";"Retraits";"";"Non"
"01/06/2023";"Relevé Différé";"M Bourhis Paul";"-1210.46";"Banque";"Débit mensuel carte";"";"Non"
"01/06/2023";"Relevé Différé";"M Bourhis Paul";"27.99";"Entrées d'argent";"Remboursements";"";"Non"
"30/05/2023";"Vir Sepa Bourhis Paul R}f";"M Bourhis Paul";"2000.0";"Entrées d'argent";"Virements internes";"";"Non"
"23/05/2023";"Vir Inst Claire Payre";"M Bourhis Paul";"-41.04";"Loisirs & Sorties";"Loisirs & Sorties - Autres";"";"Non"
"09/05/2023";"Retrait Dab La Grande M";"M Bourhis Paul";"-50.0";"Retraits, Chq. et Vir.";"Retraits";"";"Non"
"02/05/2023";"Relevé Différé";"M Bourhis Paul";"-845.84";"Banque";"Débit mensuel carte";"";"Non"
"30/04/2023";"Vir Vitre Tel Turbopipe";"M Bourhis Paul";"100.0";"Entrées d'argent";"Autres rentrées";"";"Non"
"11/04/2023";"Vir Virement Interne Depuis Boursorama M Bourhis Paul Réf";"M Bourhis Paul";"-900.0";"Retraits, Chq. et Vir.";"Virements internes";"";"Non"
"11/04/2023";"Vir Sepa Bourhis Paul Réf";"M Bourhis Paul";"1000.0";"Entrées d'argent";"Virements internes";"";"Non"
"06/04/2023";"Vir Sepa Bourhis Paul Réf";"M Bourhis Paul";"3000.0";"Entrées d'argent";"Virements internes";"";"Non"
"03/04/2023";"Relevé Différé";"M Bourhis Paul";"-1244.74";"Banque";"Débit mensuel carte";"";"Non"
"03/04/2023";"Relevé Différé";"M Bourhis Paul";"150.0";"Entrées d'argent";"Remboursements";"";"Non"
"07/03/2023";"Vir Sepa Sncf Mobilites Voyages Rmbt Virement Ehg Sncf Dossier n Réf";"M Bourhis Paul";"19.8";"Entrées d'argent";"Autres rentrées";"";"Non"
"01/03/2023";"Vir Virement Interne Depuis Boursorama M Bourhis Paul Réf";"M Bourhis Paul";"-1579.79";"Retraits, Chq. et Vir.";"Virements internes";"";"Non"
"01/03/2023";"Vir Sepa Bourhis Paul Réf";"M Bourhis Paul";"3000.0";"Entrées d'argent";"Virements internes";"";"Non"
"01/03/2023";"Relevé Différé";"M Bourhis Paul";"-1091.06";"Banque";"Débit mensuel carte";"";"Non"
"01/03/2023";"Relevé Différé";"M Bourhis Paul";"48.51";"Entrées d'argent";"Remboursements";"";"Non"
"13/02/2023";"Vir Inst Claire Payre Virement De Paul Bourhis";"M Bourhis Paul";"-22.0";"Loisirs & Sorties";"Loisirs & Sorties - Autres";"";"Non"
"07/02/2023";"Vir Virement Interne Depuis Boursorama M Bourhis Paul Réf";"M Bourhis Paul";"-2500.0";"Retraits, Chq. et Vir.";"Virements internes";"";"Non"
"06/02/2023";"Vir Sepa Bourhis Paul Réf";"M Bourhis Paul";"3000.0";"Entrées d'argent";"Virements internes";"";"Non"
"01/02/2023";"Relevé Différé";"M Bourhis Paul";"-850.27";"Banque";"Débit mensuel carte";"";"Non"
"01/02/2023";"Relevé Différé";"M Bourhis Paul";"32.0";"Entrées d'argent";"Autres rentrées";"";"Non"
"20/01/2023";"Vir Sepa Paul Bourhis G Réf Dedommagement Interets Cloture Livret In";"M Bourhis Paul";"1.0";"Entrées d'argent";"Intérêts";"";"Non"
"11/01/2023";"Chq.";"M Bourhis Paul";"-450.0";"Loisirs & Sorties";"Sport";"";"Non"
"02/01/2023";"Vir Sepa Bourhis Paul Equi Réf";"M Bourhis Paul";"2000.0";"Entrées d'argent";"Virements internes";"";"Non"
"02/01/2023";"Relevé Différé";"M Bourhis Paul";"-956.34";"Banque";"Débit mensuel carte";"";"Non"
"02/01/2023";"Relevé Différé";"M Bourhis Paul";"36.7";"Entrées d'argent";"Remboursements";"";"Non"
"05/07/2023";"Vir Virement Interne Depuis Livret Deve";"Livret Developpement Durable Solidaire";"-3000.0";"Retraits, Chq. et Vir.";"Virements internes";"";"Non"
"08/04/2023";"Vir Virement Interne Depuis Boursora";"Livret Developpement Durable Solidaire";"900.0";"Entrées d'argent";"Virements internes";"";"Non"
"01/03/2023";"Vir Virement Interne Depuis Boursora";"Livret Developpement Durable Solidaire";"1579.79";"Entrées d'argent";"Virements internes";"";"Non"
"07/02/2023";"Vir Virement Interne Depuis Boursora";"Livret Developpement Durable Solidaire";"2500.0";"Entrées d'argent";"Virements internes";"";"Non"
